SK1,SK2,SB1,SB2,SG1,SY1,SY2,SY3,SO1,SP1,SV1,SR1,SR2,SR3,SW1,Base_A,Base_B,Base_C,UT578_A,UT578_AF,UT578_AS,UT6581,Target_L,Target_a,Target_b
0.0,0.0,0.0,0.0,0.0,0.0,0.0,207.0,0.0,0.0,0.0,0.0,265.0,0.0,0.0,1.0,0.0,0.0,1.0,0.0,0.0,0.0,70.83,31.08,10.24
0.0,0.0,0.0,0.0,0.0,0.0,0.0,207.0,0.0,0.0,0.0,0.0,265.0,0.0,0.0,1.0,0.0,0.0,0.0,1.0,0.0,0.0,69.68,31.7,10.55
0.0,4.0,0.0,0.0,0.0,0.0,117.0,135.0,29.0,0.0,0.0,0.0,0.0,0.0,0.0,1.0,0.0,0.0,0.0,0.0,0.0,1.0,83.33,5.06,34.61
0.0,82.0,0.0,0.0,0.0,0.0,52.0,135.0,0.0,0.0,0.0,0.0,0.0,70.0,0.0,1.0,0.0,0.0,1.0,0.0,0.0,0.0,70.25,3.85,6.67
0.0,6.0,0.0,0.0,0.0,0.0,70.0,133.0,0.0,0.0,0.0,5.0,0.0,0.0,0.0,1.0,0.0,0.0,0.0,0.0,1.0,0.0,83.66,3.57,28.18
0.0,0.0,0.0,0.0,0.0,38.0,0.0,125.0,0.0,0.0,0.0,0.0,0.0,13.0,0.0,1.0,0.0,0.0,0.0,1.0,0.0,0.0,85.23,9.69,21.43
0.0,0.0,0.0,0.0,3.0,0.0,0.0,122.0,0.0,0.0,0.0,189.0,0.0,0.0,0.0,1.0,0.0,0.0,0.0,1.0,0.0,0.0,77.4,20.71,7.27
0.0,52.0,0.0,0.0,0.0,0.0,28.0,118.0,0.0,0.0,0.0,0.0,0.0,50.0,0.0,1.0,0.0,0.0,1.0,0.0,0.0,0.0,73.95,4.36,7.58
13.0,0.0,0.0,0.0,0.0,0.0,69.0,116.0,0.0,0.0,0.0,10.0,0.0,0.0,0.0,1.0,0.0,0.0,0.0,0.0,0.0,1.0,83.65,4.75,29.28
0.0,14.0,0.0,0.0,120.0,0.0,89.0,106.0,0.0,0.0,0.0,0.0,0.0,0.0,0.0,1.0,0.0,0.0,0.0,0.0,1.0,0.0,73.88,-18.88,15.01
0.0,0.0,0.0,0.0,0.0,8.0,0.0,100.0,0.0,0.0,0.0,40.0,0.0,0.0,0.0,1.0,0.0,0.0,0.0,0.0,1.0,0.0,83.97,14.47,17.59
4.0,0.0,0.0,0.0,0.0,0.0,90.0,95.0,0.0,0.0,0.0,0.0,0.0,0.0,0.0,1.0,0.0,0.0,0.0,1.0,0.0,0.0,89.64,2.33,29.58
3.0,0.0,0.0,0.0,0.0,0.0,0.0,84.0,69.0,0.0,0.0,0.0,0.0,0.0,0.0,1.0,0.0,0.0,0.0,1.0,0.0,0.0,86.83,9.81,17.68
0.0,37.0,0.0,0.0,0.0,0.0,117.0,80.0,0.0,0.0,0.0,0.0,0.0,15.0,0.0,1.0,0.0,0.0,0.0,0.0,0.0,1.0,71.22,-0.83,16.48
0.0,4.0,0.0,0.0,0.0,0.0,67.0,78.0,24.0,0.0,0.0,0.0,0.0,0.0,0.0,1.0,0.0,0.0,0.0,0.0,0.0,1.0,84.61,3.42,27.62
1.2,0.0,0.0,0.0,0.0,0.0,46.0,78.0,10.0,0.0,0.0,0.0,0.0,0.0,0.0,1.0,0.0,0.0,0.0,0.0,0.0,1.0,88.79,4.78,31.14
17.0,0.0,0.0,0.0,0.0,85.0,0.0,70.0,0.0,0.0,0.0,14.0,0.0,0.0,0.0,1.0,0.0,0.0,1.0,0.0,0.0,0.0,85.51,5.59,17.77
10.0,0.0,0.0,0.0,0.0,71.0,0.0,70.0,0.0,0.0,0.0,3.0,0.0,0.0,0.0,1.0,0.0,0.0,1.0,0.0,0.0,0.0,87.49,4.71,20.57
0.0,11.0,0.0,0.0,0.0,0.0,21.0,68.0,0.0,30.0,0.0,0.0,0.0,0.0,0.0,1.0,0.0,0.0,0.0,1.0,0.0,0.0,81.14,1.78,6.97
0.0,27.0,0.0,0.0,0.0,0.0,88.0,64.0,0.0,0.0,0.0,0.0,0.0,11.0,0.0,1.0,0.0,0.0,0.0,0.0,0.0,1.0,74.0699999999997,-0.88,16.03
0.0,0.0,0.0,0.0,0.0,0.0,0.0,63.0,0.0,0.0,0.0,258.0,0.0,0.0,0.0,1.0,0.0,0.0,0.0,0.0,1.0,0.0,75.48,28.38,3.02
3.0,0.0,0.0,0.0,0.0,0.0,0.0,61.0,97.0,0.0,0.0,0.0,0.0,0.0,0.0,1.0,0.0,0.0,0.0,1.0,0.0,0.0,85.95,11.0,16.11
4.0,0.0,0.0,0.0,0.0,0.0,57.0,53.0,0.0,0.0,0.0,0.0,0.0,0.0,0.0,1.0,0.0,0.0,0.0,1.0,0.0,0.0,90.95,0.66,23.96
0.0,19.0,0.0,0.0,0.0,0.0,68.0,50.0,0.0,0.0,0.0,0.0,0.0,34.0,0.0,1.0,0.0,0.0,0.0,0.0,1.0,0.0,75.8199999999997,3.88,12.96
0.0,8.0,0.0,0.0,0.0,0.0,88.0,44.0,0.0,0.0,0.0,0.0,5.0,0.0,0.0,1.0,0.0,0.0,0.0,0.0,1.0,0.0,82.88,-0.18,20.8
6.0,0.0,0.0,0.0,0.0,0.0,44.0,44.0,0.0,0.0,0.0,4.0,0.0,0.0,0.0,1.0,0.0,0.0,0.0,1.0,0.0,0.0,89.76,1.25,19.88
0.0,0.0,0.0,0.0,4.0,0.0,220.0,43.0,0.0,4.0,0.0,0.0,0.0,0.0,0.0,1.0,0.0,0.0,1.0,0.0,0.0,0.0,89.5,-4.82,32.23
0.0,0.0,0.0,0.0,4.0,0.0,130.0,42.0,0.0,0.0,0.0,0.0,0.0,0.0,0.0,1.0,0.0,0.0,0.0,1.0,0.0,0.0,90.42,-4.65,30.92
14.0,0.0,0.0,0.0,0.0,0.0,24.0,39.0,0.0,0.0,0.0,13.0,0.0,0.0,0.0,1.0,0.0,0.0,0.0,1.0,0.0,0.0,87.3199999999997,3.35,12.94
9.0,0.0,0.0,0.0,0.0,0.0,0.0,38.0,54.0,0.0,0.0,40.0,0.0,0.0,0.0,1.0,0.0,0.0,0.0,0.0,0.0,1.0,81.81,14.2,10.21
0.0,50.0,0.0,0.0,0.0,0.0,0.0,38.0,0.0,0.0,0.0,36.0,0.0,0.0,0.0,1.0,0.0,0.0,0.0,1.0,0.0,0.0,74.49,1.49,-1.87
26.0,0.0,0.0,0.0,0.0,0.0,103.0,34.0,0.0,0.0,0.0,0.0,23.0,0.0,0.0,1.0,0.0,0.0,1.0,0.0,0.0,0.0,84.0,3.39,15.83
3.0,0.0,0.0,0.0,0.0,0.0,19.0,34.0,0.0,0.0,0.0,0.0,0.0,0.0,0.0,1.0,0.0,0.0,0.0,1.0,0.0,0.0,91.86,0.73,17.27
11.0,0.0,0.0,0.0,0.0,0.0,0.0,32.0,57.0,0.0,0.0,25.0,0.0,0.0,0.0,1.0,0.0,0.0,0.0,0.0,0.0,1.0,82.5999999999999,11.79,10.37
0.0,52.0,0.0,0.0,0.0,0.0,87.0,31.0,0.0,0.0,0.0,0.0,0.0,30.0,0.0,1.0,0.0,0.0,0.0,0.0,1.0,0.0,71.11,0.1,7.57
5.0,0.0,0.0,0.0,0.0,0.0,52.0,30.0,20.0,0.0,0.0,0.0,0.0,0.0,0.0,1.0,0.0,0.0,0.0,0.0,0.0,1.0,87.58,1.56,23.99
17.8,0.0,0.0,0.0,0.0,0.0,14.1,29.8,0.0,0.0,0.0,0.0,0.0,0.0,0.0,1.0,0.0,0.0,1.0,0.0,0.0,0.0,90.5,-0.08,10.25
0.0,58.0,0.0,0.0,0.0,0.0,52.0,29.0,0.0,0.0,0.0,0.0,0.0,13.0,0.0,1.0,0.0,0.0,0.0,0.0,0.0,1.0,69.51,-1.19,5.82
16.0,0.0,0.0,0.0,0.0,0.0,35.0,29.0,0.0,0.0,0.0,0.0,0.0,0.0,0.0,1.0,0.0,0.0,1.0,0.0,0.0,0.0,90.7099999999998,-0.71,14.49
0.0,51.0,0.0,0.0,0.0,0.0,29.0,29.0,0.0,0.0,0.0,0.0,0.0,15.0,0.0,1.0,0.0,0.0,0.0,0.0,0.0,1.0,70.14,-0.16,4.37
0.0,6.0,0.0,0.0,0.0,0.0,23.0,28.0,5.0,0.0,0.0,0.0,0.0,0.0,0.0,1.0,0.0,0.0,0.0,0.0,1.0,0.0,86.73,-0.5,13.46
15.8,0.0,0.0,0.0,0.0,0.0,11.7,28.0,0.0,0.0,0.0,0.0,0.0,0.0,0.0,1.0,0.0,0.0,1.0,0.0,0.0,0.0,90.93,0.03,10.04
0.0,0.0,0.0,0.0,0.0,0.0,194.0,27.0,15.0,0.0,0.0,0.0,0.0,0.0,0.0,1.0,0.0,0.0,0.0,0.0,1.0,0.0,89.95,-0.25,38.42
0.0,0.0,0.0,0.0,0.0,0.0,15.0,26.0,0.0,0.0,0.0,0.0,0.0,0.0,0.0,1.0,0.0,0.0,0.0,0.0,0.0,1.0,92.0,1.16,19.29
4.0,0.0,0.0,0.0,0.0,20.0,0.0,24.0,7.0,0.0,0.0,0.0,0.0,0.0,0.0,1.0,0.0,0.0,0.0,0.0,0.0,1.0,89.34,3.45,16.52
25.0,0.0,0.0,0.0,0.0,0.0,24.0,23.0,8.0,0.0,0.0,0.0,0.0,0.0,0.0,1.0,0.0,0.0,0.0,0.0,1.0,0.0,87.04,-0.54,12.64
5.0,0.0,0.0,0.0,0.0,0.0,38.0,22.0,0.0,0.0,0.0,0.0,0.0,0.0,0.0,1.0,0.0,0.0,0.0,1.0,0.0,0.0,91.93,-1.35,19.04
0.0,5.0,0.0,0.0,0.0,0.0,14.0,22.0,0.0,0.0,0.0,0.0,0.0,9.0,0.0,1.0,0.0,0.0,0.0,1.0,0.0,0.0,85.61,2.6,8.6
0.0,0.0,0.0,0.0,2.0,0.0,19.0,21.0,0.0,0.0,0.0,0.0,0.0,0.0,0.0,1.0,0.0,0.0,0.0,0.0,0.0,1.0,91.73,-2.18,19.82
0.0,5.0,0.0,0.0,0.0,0.0,12.0,21.0,14.0,0.0,0.0,0.0,0.0,0.0,0.0,1.0,0.0,0.0,0.0,1.0,0.0,0.0,88.55,0.89,9.09
0.0,0.0,0.0,0.0,0.0,0.0,0.0,20.0,48.0,0.0,0.0,0.0,0.0,0.0,0.0,1.0,0.0,0.0,0.0,1.0,0.0,0.0,90.04,7.22,10.52
2.0,0.0,0.0,0.0,0.0,0.0,22.0,19.0,3.0,0.0,0.0,0.0,0.0,0.0,0.0,1.0,0.0,0.0,0.0,0.0,0.0,1.0,91.75,0.5,19.32
7.0,0.0,0.0,0.0,0.0,0.0,2.5,19.0,0.0,0.0,0.0,0.0,0.0,0.0,0.0,1.0,0.0,0.0,0.0,1.0,0.0,0.0,91.64,0.58,7.97
18.7,0.0,0.0,0.0,0.0,12.11,0.0,18.35,0.0,0.0,0.0,0.0,0.0,0.0,0.0,1.0,0.0,0.0,0.0,0.0,1.0,0.0,88.24,0.6,8.89
2.0,0.0,0.0,0.0,0.0,0.0,7.0,18.0,0.0,0.0,0.0,0.0,0.0,0.0,0.0,1.0,0.0,0.0,0.0,1.0,0.0,0.0,92.94,0.5,11.05
0.0,12.0,0.0,0.0,19.0,0.0,10.0,17.0,0.0,0.0,0.0,0.0,0.0,0.0,0.0,1.0,0.0,0.0,0.0,0.0,1.0,0.0,82.7099999999998,-6.91,3.25
9.0,0.0,0.0,0.0,0.0,0.0,5.5,17.0,0.0,0.0,0.0,0.0,0.0,0.0,0.0,1.0,0.0,0.0,0.0,1.0,0.0,0.0,90.98,-0.11,8.68
0.0,33.0,0.0,0.0,0.0,111.0,0.0,17.0,0.0,0.0,0.0,0.0,0.0,0.0,0.0,1.0,0.0,0.0,0.0,1.0,0.0,0.0,78.84,-0.87,8.47
8.0,0.0,0.0,0.0,0.0,0.0,7.0,16.0,0.0,0.0,0.0,0.0,0.0,0.0,0.0,1.0,0.0,0.0,1.0,0.0,0.0,0.0,92.42,0.14,8.42
3.0,0.0,0.0,0.0,0.0,0.0,4.0,15.0,2.0,0.0,0.0,0.0,0.0,0.0,0.0,1.0,0.0,0.0,0.0,1.0,0.0,0.0,92.89,0.8,8.84
7.0,0.0,0.0,0.0,0.0,0.0,4.0,15.0,0.0,0.0,0.0,0.0,0.0,0.0,0.0,1.0,0.0,0.0,0.0,1.0,0.0,0.0,92.03,0.17,7.82
8.0,0.0,0.0,0.0,0.0,0.0,2.0,15.0,0.0,0.0,0.0,0.0,0.0,0.0,0.0,1.0,0.0,0.0,0.0,1.0,0.0,0.0,91.8,0.35,6.9
0.0,0.0,0.0,0.0,0.0,0.0,0.0,15.0,0.0,0.0,0.0,91.0,0.0,0.0,0.0,1.0,0.0,0.0,0.0,1.0,0.0,0.0,83.8199999999997,17.42,-1.11
2.0,0.0,0.0,0.0,0.0,0.0,41.0,14.0,0.0,0.0,0.0,0.0,0.0,0.0,0.0,1.0,0.0,0.0,0.0,1.0,0.0,0.0,92.51,-2.19,18.08
0.0,8.0,0.0,0.0,0.0,0.0,12.0,14.0,0.0,0.0,0.0,0.0,0.0,9.0,0.0,1.0,0.0,0.0,1.0,0.0,0.0,0.0,87.11,1.93,5.35
0.0,16.0,0.0,0.0,28.0,0.0,8.0,13.5,0.0,0.0,0.0,0.0,0.0,0.0,0.0,1.0,0.0,0.0,0.0,0.0,1.0,0.0,81.29,-8.14,1.24
0.0,12.0,0.0,0.0,0.0,0.0,6.0,12.0,0.0,0.0,0.0,0.0,0.0,0.0,0.0,1.0,0.0,0.0,0.0,0.0,1.0,0.0,84.87,-1.12,3.27
0.0,0.0,0.0,0.0,55.0,0.0,0.0,12.0,0.0,20.0,0.0,60.0,0.0,0.0,0.0,1.0,0.0,0.0,0.0,0.0,0.0,1.0,75.76,-3.22,-6.64
0.0,0.0,0.0,0.0,40.0,0.0,0.0,12.0,0.0,20.0,0.0,32.0,0.0,0.0,0.0,1.0,0.0,0.0,0.0,0.0,0.0,1.0,78.59,-4.34,-5.19
0.0,0.0,0.0,0.0,0.0,0.0,5.0,11.0,0.0,0.0,0.0,0.0,0.0,0.0,0.0,1.0,0.0,0.0,0.0,1.0,0.0,0.0,93.74,-0.02,8.74
0.0,49.0,0.0,0.0,0.0,0.0,0.0,11.0,0.0,0.0,0.0,57.0,0.0,0.0,0.0,1.0,0.0,0.0,0.0,1.0,0.0,0.0,75.23,3.04,-4.55
0.0,0.0,0.0,0.0,0.0,0.0,0.0,10.0,2.0,0.0,0.0,0.0,0.0,0.0,0.0,1.0,0.0,0.0,0.0,1.0,0.0,0.0,93.95,1.14,6.47
26.0,0.0,0.0,0.0,20.0,0.0,70.0,9.0,0.0,0.0,0.0,0.0,0.0,0.0,0.0,1.0,0.0,0.0,0.0,0.0,0.0,1.0,84.3199999999997,-12.68,17.09
23.0,0.0,0.0,0.0,6.0,0.0,24.0,9.0,0.0,0.0,0.0,0.0,0.0,0.0,0.0,1.0,0.0,0.0,0.0,1.0,0.0,0.0,90.45,-4.36,6.76
0.0,0.0,0.0,0.0,47.0,0.0,21.0,9.0,0.0,0.0,0.0,0.0,0.0,0.0,0.0,1.0,0.0,0.0,0.0,0.0,0.0,1.0,85.8,-20.51,9.279999999999992
4.0,0.0,0.0,0.0,0.0,0.0,0.0,9.0,48.0,0.0,0.0,0.0,0.0,0.0,0.0,1.0,0.0,0.0,0.0,1.0,0.0,0.0,89.56,6.0,7.35
6.6,0.0,0.0,0.0,0.0,0.0,3.7,7.3,4.5,0.0,0.0,0.0,0.0,0.0,0.0,1.0,0.0,0.0,0.0,0.0,0.0,1.0,91.0999999999999,0.52,8.49
8.0,0.0,0.0,0.0,11.0,0.0,14.0,7.0,0.0,0.0,0.0,0.0,0.0,0.0,0.0,1.0,0.0,0.0,0.0,0.0,1.0,0.0,89.4,-8.60999999999999,7.81
5.0,0.0,0.0,0.0,0.0,0.0,14.0,7.0,0.0,0.0,0.0,0.0,0.0,0.0,0.0,1.0,0.0,0.0,1.0,0.0,0.0,0.0,93.7,-1.4,9.33
0.0,0.0,0.0,0.0,0.0,0.0,11.0,7.0,2.5,0.0,0.0,0.0,0.0,0.0,0.0,1.0,0.0,0.0,0.0,0.0,0.0,1.0,93.23,-0.77,13.01
0.0,7.0,0.0,0.0,0.0,0.0,4.0,7.0,0.0,0.0,0.0,0.0,0.0,0.0,0.0,1.0,0.0,0.0,0.0,0.0,0.0,1.0,86.3199999999997,-0.96,3.68
0.0,0.0,0.0,0.0,0.0,34.0,0.0,7.0,0.0,0.0,0.0,110.0,0.0,0.0,0.0,1.0,0.0,0.0,0.0,0.0,1.0,0.0,80.9599999999998,19.13,3.19
0.0,0.0,0.0,0.0,0.0,0.0,2.5,6.8,2.3,0.0,0.0,0.0,0.0,0.0,0.0,1.0,0.0,0.0,1.0,0.0,0.0,0.0,95.3499999999999,0.36,6.0
17.5,0.0,0.0,0.0,7.5,0.0,26.7,6.0,0.0,0.0,0.0,0.0,0.0,0.0,0.0,1.0,0.0,0.0,0.0,1.0,0.0,0.0,89.0999999999999,-6.72,9.3
0.0,0.0,0.0,0.0,0.0,0.0,0.0,6.0,0.0,0.0,0.0,219.0,0.0,0.0,0.0,1.0,0.0,0.0,0.0,0.0,1.0,0.0,77.2,28.16,-5.15
0.0,0.0,0.0,0.0,47.0,0.0,30.0,5.0,0.0,0.0,0.0,0.0,0.0,0.0,0.0,1.0,0.0,0.0,0.0,0.0,0.0,1.0,86.12,-21.79,11.08
0.0,0.0,0.0,0.0,4.0,0.0,10.0,5.0,0.0,0.0,70.0,0.0,0.0,0.0,0.0,1.0,0.0,0.0,1.0,0.0,0.0,0.0,84.5999999999999,1.54,-6.41
0.0,17.0,0.0,0.0,0.0,0.0,12.0,4.0,0.0,0.0,0.0,0.0,0.0,0.0,0.0,1.0,0.0,0.0,0.0,0.0,0.0,1.0,80.9599999999998,-2.11,2.94
23.0,0.0,0.0,0.0,0.0,0.0,3.0,4.0,0.0,0.0,0.0,0.0,0.0,0.0,0.0,1.0,0.0,0.0,0.0,0.0,1.0,0.0,88.89,-0.94,2.52
1.4,0.0,0.0,0.0,0.0,0.0,10.6,3.5,2.5,0.0,0.0,0.0,0.0,0.0,0.0,1.0,0.0,0.0,0.0,0.0,0.0,1.0,93.16,-1.37,11.43
2.8,0.0,0.0,0.0,0.0,0.0,9.0,3.2,2.5,0.0,0.0,0.0,0.0,0.0,0.0,1.0,0.0,0.0,0.0,0.0,0.0,1.0,92.76,-1.35,10.27
6.0,0.0,0.0,0.0,0.0,0.0,5.0,3.0,0.0,0.0,0.0,0.0,0.0,0.0,0.0,1.0,0.0,0.0,0.0,0.0,0.0,1.0,91.9599999999998,-1.41,6.47
0.0,4.0,0.0,0.0,34.0,0.0,3.0,3.0,0.0,0.0,0.0,0.0,0.0,0.0,0.0,1.0,0.0,0.0,0.0,0.0,0.0,1.0,84.54,-13.89,0.44
0.0,0.0,0.0,0.0,16.0,0.0,2.0,3.0,0.0,0.0,0.0,0.0,0.0,0.0,0.0,1.0,0.0,0.0,0.0,0.0,0.0,1.0,90.42,-11.56,2.64
0.0,14.5,0.0,0.0,0.0,0.0,9.5,2.5,0.0,0.0,0.0,0.0,0.0,0.0,0.0,1.0,0.0,0.0,0.0,0.0,0.0,1.0,82.13,-1.96,2.4
0.0,0.0,0.0,0.0,0.0,0.0,2.0,2.0,4.0,0.0,0.0,0.0,0.0,0.0,0.0,1.0,0.0,0.0,0.0,0.0,0.0,1.0,93.01,0.29,4.63
2.0,0.0,0.0,0.0,0.0,0.0,2.0,2.0,3.0,0.0,0.0,0.0,0.0,0.0,0.0,1.0,0.0,0.0,0.0,0.0,0.0,1.0,92.64,-0.19,5.11
0.0,0.0,0.0,0.0,0.0,0.0,2.0,2.0,3.0,0.0,0.0,0.0,0.0,0.0,0.0,1.0,0.0,0.0,0.0,1.0,0.0,0.0,94.37,-0.01,4.74
2.0,0.0,0.0,0.0,0.0,0.0,0.0,2.0,0.0,0.0,0.0,0.0,0.0,0.0,0.0,1.0,0.0,0.0,0.0,1.0,0.0,0.0,94.4,-0.34,1.69
0.0,0.0,0.0,0.0,0.0,0.0,0.0,2.0,0.0,0.0,0.0,0.0,0.0,0.0,0.0,1.0,0.0,0.0,0.0,0.0,0.0,1.0,93.11,-0.38,2.47
0.0,0.0,0.0,0.0,0.0,0.0,0.0,2.0,0.0,0.0,0.0,0.0,0.0,0.0,0.0,1.0,0.0,0.0,0.0,0.0,0.0,1.0,94.65,-0.23,3.24
0.0,0.0,0.0,0.0,0.0,0.0,0.0,1.0,1.0,0.0,0.0,0.0,0.0,0.0,0.0,1.0,0.0,0.0,0.0,0.0,0.0,1.0,94.81,-0.01,2.91
0.0,0.0,0.0,0.0,0.0,0.0,0.0,1.0,0.0,0.0,0.0,0.0,0.0,0.0,0.0,1.0,0.0,0.0,0.0,0.0,0.0,1.0,95.02,-0.33,2.61
2.0,0.0,0.0,0.0,0.0,0.0,271.0,0.0,0.0,0.0,0.0,3.8,0.0,0.0,0.0,1.0,0.0,0.0,1.0,0.0,0.0,0.0,92.14,-5.86,35.91
0.0,0.0,0.0,0.0,45.0,56.0,270.0,0.0,0.0,0.0,0.0,0.0,0.0,0.0,0.0,1.0,0.0,0.0,1.0,0.0,0.0,0.0,85.62,-18.03,29.68
14.0,0.0,0.0,0.0,0.0,0.0,220.0,0.0,30.0,0.0,0.0,0.0,0.0,0.0,0.0,1.0,0.0,0.0,0.0,1.0,0.0,0.0,87.95,-3.35,30.22
0.0,11.0,0.0,0.0,0.0,53.0,180.0,0.0,0.0,0.0,0.0,0.0,0.0,0.0,0.0,1.0,0.0,0.0,1.0,0.0,0.0,0.0,85.95,-4.77,23.64
0.0,0.0,0.0,0.0,91.0,8.0,176.0,0.0,0.0,0.0,0.0,0.0,0.0,0.0,0.0,1.0,0.0,0.0,0.0,0.0,1.0,0.0,82.45,-30.37,22.41
2.0,0.0,0.0,0.0,0.0,0.0,159.0,0.0,0.0,0.0,0.0,3.0,0.0,0.0,0.0,1.0,0.0,0.0,1.0,0.0,0.0,0.0,92.92,-5.53,28.81
0.0,0.0,0.0,0.0,42.0,57.0,158.0,0.0,0.0,0.0,0.0,0.0,0.0,0.0,0.0,1.0,0.0,0.0,1.0,0.0,0.0,0.0,86.3199999999997,-16.25,23.66
0.0,0.0,0.0,0.0,0.0,0.0,155.0,0.0,0.0,4.0,0.0,0.0,53.0,0.0,0.0,1.0,0.0,0.0,1.0,0.0,0.0,0.0,83.2099999999998,10.04,16.52
0.0,0.0,0.0,0.0,119.0,0.0,152.0,0.0,0.0,0.0,0.0,0.0,0.0,0.0,0.0,1.0,0.0,0.0,0.0,0.0,0.0,1.0,80.59,-34.94,23.2
8.0,0.0,0.0,0.0,95.0,18.0,146.0,0.0,0.0,0.0,0.0,0.0,0.0,0.0,0.0,1.0,0.0,0.0,0.0,0.0,0.0,1.0,80.48,-28.22,21.79
20.0,0.0,0.0,0.0,0.0,0.0,128.0,0.0,52.0,0.0,0.0,0.0,0.0,0.0,0.0,1.0,0.0,0.0,1.0,0.0,0.0,0.0,87.31,-0.83,20.17
0.0,0.0,0.0,0.0,0.0,0.0,122.0,0.0,0.0,6.0,0.0,0.0,52.0,0.0,0.0,1.0,0.0,0.0,1.0,0.0,0.0,0.0,82.91,11.5,13.55
0.0,17.0,0.0,0.0,67.0,54.0,120.0,0.0,0.0,0.0,0.0,0.0,0.0,0.0,0.0,1.0,0.0,0.0,0.0,0.0,0.0,1.0,75.73,-17.02,16.65
11.0,0.0,0.0,0.0,0.0,0.0,119.0,0.0,0.0,27.0,0.0,59.0,0.0,0.0,0.0,1.0,0.0,0.0,0.0,1.0,0.0,0.0,80.13,5.93,12.43
4.2,0.0,0.0,0.0,0.0,0.0,119.0,0.0,3.8,0.0,0.0,0.0,0.0,0.0,0.0,1.0,0.0,0.0,0.0,1.0,0.0,0.0,92.22,-5.91,26.91
0.0,7.0,0.0,0.0,0.0,41.0,110.0,0.0,0.0,0.0,0.0,0.0,0.0,0.0,0.0,1.0,0.0,0.0,1.0,0.0,0.0,0.0,88.24,-3.8,20.4
0.0,0.0,0.0,0.0,21.0,64.0,108.0,0.0,0.0,0.0,0.0,0.0,0.0,0.0,0.0,1.0,0.0,0.0,0.0,1.0,0.0,0.0,86.67,-12.18,24.64
8.0,0.0,0.0,0.0,68.0,5.0,107.0,0.0,0.0,0.0,0.0,0.0,0.0,0.0,0.0,1.0,0.0,0.0,0.0,0.0,0.0,1.0,82.83,-26.32,19.8
0.0,195.0,0.0,0.0,0.0,0.0,105.0,0.0,0.0,0.0,0.0,0.0,0.0,70.0,0.0,1.0,0.0,0.0,1.0,0.0,0.0,0.0,64.06,-0.14,-0.11
0.0,0.0,0.0,0.0,0.0,0.0,105.0,0.0,0.0,0.0,0.0,0.0,39.0,0.0,0.0,1.0,0.0,0.0,1.0,0.0,0.0,0.0,85.45,8.69999999999999,14.62
0.0,0.0,0.0,0.0,11.0,56.0,100.0,0.0,0.0,0.0,0.0,0.0,0.0,0.0,0.0,1.0,0.0,0.0,0.0,0.0,1.0,0.0,87.44,-9.15,27.1
0.0,0.0,0.0,0.0,91.0,0.0,100.0,0.0,0.0,0.0,0.0,0.0,0.0,0.0,0.0,1.0,0.0,0.0,0.0,0.0,0.0,1.0,82.5699999999997,-31.88,19.98
0.0,0.0,0.0,0.0,0.0,42.0,95.0,0.0,0.0,0.0,0.0,0.0,0.0,0.0,0.0,1.0,0.0,0.0,1.0,0.0,0.0,0.0,92.76,-1.66,26.25
5.5,0.0,0.0,0.0,0.0,73.0,87.5,0.0,0.0,0.0,0.0,0.0,0.0,0.0,0.0,1.0,0.0,0.0,0.0,0.0,1.0,0.0,88.5699999999997,-0.49,28.74
0.0,7.0,0.0,0.0,72.0,74.0,82.0,0.0,0.0,0.0,0.0,0.0,0.0,0.0,0.0,1.0,0.0,0.0,0.0,0.0,0.0,1.0,78.4,-18.34,17.31
0.0,0.0,0.0,0.0,3.0,24.0,80.0,0.0,0.0,0.0,0.0,0.0,0.0,0.0,0.0,1.0,0.0,0.0,1.0,0.0,0.0,0.0,92.9,-5.29,22.06
4.0,0.0,0.0,0.0,0.0,0.0,76.0,0.0,0.0,0.0,0.0,0.0,40.0,0.0,0.0,1.0,0.0,0.0,1.0,0.0,0.0,0.0,84.7099999999998,8.94,11.16
0.0,11.0,0.0,0.0,0.0,0.0,75.0,0.0,0.0,28.0,0.0,0.0,32.0,0.0,0.0,1.0,0.0,0.0,0.0,1.0,0.0,0.0,78.67,4.47,5.32
0.0,12.0,0.0,0.0,0.0,95.0,74.0,0.0,0.0,0.0,0.0,0.0,30.0,0.0,0.0,1.0,0.0,0.0,1.0,0.0,0.0,0.0,81.09,4.05,13.91
0.0,0.0,0.0,13.0,29.0,0.0,73.0,0.0,0.0,0.0,40.0,0.0,0.0,0.0,0.0,1.0,0.0,0.0,1.0,0.0,0.0,0.0,83.05,-12.9,4.26
8.0,0.0,0.0,0.0,54.0,4.5,68.0,0.0,0.0,0.0,0.0,0.0,0.0,0.0,0.0,1.0,0.0,0.0,0.0,0.0,0.0,1.0,84.0999999999999,-23.78,15.88
0.0,0.0,0.0,0.0,31.5,0.0,65.0,0.0,0.0,0.0,0.0,0.0,32.0,0.0,0.0,1.0,0.0,0.0,0.0,0.0,0.0,1.0,78.7099999999998,-4.95,9.44
0.0,19.0,0.0,0.0,0.0,148.0,64.0,0.0,0.0,0.0,0.0,0.0,0.0,26.0,0.0,1.0,0.0,0.0,0.0,1.0,0.0,0.0,77.78,2.59,15.13
0.0,0.0,0.0,0.0,24.0,43.0,64.0,0.0,0.0,0.0,83.0,0.0,0.0,0.0,0.0,1.0,0.0,0.0,0.0,1.0,0.0,0.0,80.06,-4.94,5.63
0.0,17.0,0.0,0.0,0.0,0.0,63.0,0.0,101.0,0.0,0.0,0.0,0.0,0.0,0.0,1.0,0.0,0.0,0.0,0.0,1.0,0.0,83.42,1.0,10.33
0.0,0.0,0.0,0.0,42.0,39.0,60.0,0.0,0.0,0.0,0.0,23.0,0.0,0.0,0.0,1.0,0.0,0.0,0.0,1.0,0.0,0.0,83.23,-11.56,10.41
6.0,0.0,0.0,0.0,0.0,119.0,59.0,0.0,26.0,0.0,0.0,0.0,0.0,0.0,0.0,1.0,0.0,0.0,0.0,1.0,0.0,0.0,86.67,3.36,25.09
17.0,0.0,0.0,0.0,0.0,80.0,58.0,0.0,0.0,0.0,0.0,0.0,0.0,0.0,0.0,1.0,0.0,0.0,0.0,0.0,1.0,0.0,86.5699999999997,-0.8,23.91
0.0,0.0,0.0,0.0,19.5,46.0,56.0,0.0,0.0,0.0,0.0,0.0,0.0,0.0,0.0,1.0,0.0,0.0,0.0,0.0,1.0,0.0,87.65,-11.62,19.17
0.0,0.0,0.0,0.0,3.0,23.0,55.0,0.0,0.0,0.0,0.0,0.0,0.0,0.0,0.0,1.0,0.0,0.0,1.0,0.0,0.0,0.0,93.13,-4.83,19.07
0.0,14.8,0.0,78.0,0.0,0.0,55.0,0.0,0.0,0.0,0.0,0.0,0.0,0.0,0.0,1.0,0.0,0.0,0.0,1.0,0.0,0.0,76.93,-17.26,-3.57
11.0,0.0,0.0,0.0,0.0,94.0,52.0,0.0,28.0,0.0,0.0,0.0,0.0,0.0,0.0,1.0,0.0,0.0,0.0,0.0,1.0,0.0,85.43,2.92,24.59
0.0,0.0,0.0,38.0,6.0,0.0,52.0,0.0,0.0,0.0,74.0,0.0,0.0,0.0,0.0,1.0,0.0,0.0,0.0,0.0,0.0,1.0,74.5,-11.69,-4.08
0.0,119.0,0.0,0.0,0.0,0.0,52.0,0.0,0.0,0.0,0.0,0.0,8.0,0.0,0.0,1.0,0.0,0.0,0.0,1.0,0.0,0.0,69.24,-2.28,-1.72
0.0,0.0,0.0,0.0,78.0,20.0,51.0,0.0,3.0,0.0,0.0,0.0,0.0,0.0,0.0,1.0,0.0,0.0,0.0,0.0,0.0,1.0,82.0,-25.31,14.44
0.0,13.0,0.0,0.0,0.0,0.0,51.0,0.0,0.0,0.0,0.0,0.0,17.0,0.0,0.0,1.0,0.0,0.0,0.0,0.0,1.0,0.0,81.06,1.28,7.64
0.0,111.0,0.0,0.0,0.0,0.0,50.0,0.0,0.0,0.0,0.0,0.0,0.0,19.0,0.0,1.0,0.0,0.0,1.0,0.0,0.0,0.0,71.81,-1.49,-1.47
0.0,0.0,0.0,0.0,54.0,0.0,49.0,0.0,0.0,23.0,0.0,0.0,0.0,0.0,0.0,1.0,0.0,0.0,0.0,1.0,0.0,0.0,82.37,-17.35,5.69
0.0,24.1,0.0,0.0,0.0,0.0,48.9,0.0,0.0,0.0,0.0,0.0,7.33,0.0,0.0,1.0,0.0,0.0,0.0,0.0,1.0,0.0,79.77,-2.48,6.03
0.0,0.0,0.0,0.0,71.0,0.0,48.0,0.0,0.0,0.0,0.0,0.0,3.8,0.0,0.0,1.0,0.0,0.0,0.0,0.0,1.0,0.0,83.5999999999999,-24.06,8.26
0.0,123.0,0.0,0.0,0.0,0.0,48.0,0.0,0.0,0.0,0.0,0.0,0.0,40.0,0.0,1.0,0.0,0.0,1.0,0.0,0.0,0.0,69.8,-0.04,-1.15
0.0,180.0,0.0,27.0,0.0,0.0,47.0,0.0,0.0,0.0,0.0,0.0,33.0,0.0,0.0,1.0,0.0,0.0,0.0,0.0,0.0,1.0,57.41,-2.2,-3.32
0.0,82.0,0.0,0.0,8.0,0.0,46.0,0.0,0.0,0.0,135.0,0.0,0.0,0.0,0.0,1.0,0.0,0.0,1.0,0.0,0.0,0.0,68.79,-0.6,-6.74
0.0,0.0,0.0,12.0,12.0,0.0,45.0,0.0,0.0,0.0,46.0,0.0,0.0,0.0,0.0,1.0,0.0,0.0,1.0,0.0,0.0,0.0,83.8,-8.11999999999999,0.13
7.0,0.0,0.0,0.0,0.0,0.0,45.0,0.0,0.0,0.0,0.0,0.0,26.0,0.0,0.0,1.0,0.0,0.0,1.0,0.0,0.0,0.0,86.54,6.32,8.33
0.0,0.0,0.0,0.0,26.0,0.0,44.0,0.0,0.0,0.0,0.0,0.0,20.0,0.0,0.0,1.0,0.0,0.0,0.0,0.0,0.0,1.0,81.52,-6.57,8.36999999999999
9.0,0.0,0.0,0.0,0.0,162.0,42.0,0.0,0.0,0.0,0.0,0.0,0.0,0.0,0.0,1.0,0.0,0.0,0.0,1.0,0.0,0.0,86.55,2.16,24.73
0.0,13.0,0.0,0.0,0.0,0.0,41.0,0.0,0.0,79.0,0.0,0.0,5.0,0.0,0.0,1.0,0.0,0.0,1.0,0.0,0.0,0.0,78.9599999999998,2.85,-2.44
0.0,0.0,0.0,0.0,12.0,0.0,38.0,0.0,0.0,0.0,0.0,33.0,0.0,0.0,0.0,1.0,0.0,0.0,1.0,0.0,0.0,0.0,87.14,-1.58,5.33
0.0,0.0,0.0,0.0,43.0,22.0,37.0,0.0,0.0,0.0,0.0,0.0,0.0,0.0,0.0,1.0,0.0,0.0,0.0,1.0,0.0,0.0,86.53,-18.25,11.36
0.0,0.0,0.0,0.0,70.0,0.0,35.0,0.0,0.0,43.0,0.0,0.0,0.0,45.0,0.0,1.0,0.0,0.0,0.0,1.0,0.0,0.0,75.2099999999998,-5.13,-0.28
0.0,0.0,0.0,24.0,3.0,0.0,35.0,0.0,0.0,0.0,56.0,0.0,0.0,0.0,0.0,1.0,0.0,0.0,0.0,0.0,0.0,1.0,77.67,-9.17,-3.97
0.0,0.0,0.0,21.0,0.0,0.0,35.0,0.0,0.0,31.0,0.0,0.0,0.0,0.0,0.0,1.0,0.0,0.0,1.0,0.0,0.0,0.0,83.68,-8.56,-1.98
0.0,31.0,0.0,0.0,36.0,0.0,33.0,0.0,0.0,0.0,0.0,0.0,0.0,0.0,0.0,1.0,0.0,0.0,0.0,0.0,1.0,0.0,76.86,-10.14,1.71
0.0,0.0,0.0,0.0,10.0,0.0,33.0,0.0,0.0,0.0,0.0,54.0,0.0,0.0,0.0,1.0,0.0,0.0,0.0,1.0,0.0,0.0,84.7099999999998,3.15,3.26
0.0,6.0,0.0,0.0,36.0,40.0,31.0,0.0,0.0,0.0,0.0,0.0,0.0,0.0,0.0,1.0,0.0,0.0,0.0,0.0,0.0,1.0,81.3,-13.83,12.37
0.0,90.0,0.0,0.0,50.0,0.0,31.0,0.0,0.0,0.0,0.0,0.0,0.0,0.0,0.0,1.0,0.0,0.0,0.0,0.0,0.0,1.0,65.4,-6.41,-1.4
0.0,38.0,0.0,0.0,14.0,0.0,30.0,0.0,0.0,0.0,0.0,0.0,0.0,18.0,0.0,1.0,0.0,0.0,0.0,1.0,0.0,0.0,75.75,-2.16,1.27
0.0,49.0,0.0,0.0,0.0,0.0,29.0,0.0,27.0,0.0,0.0,0.0,0.0,0.0,0.0,1.0,0.0,0.0,0.0,1.0,0.0,0.0,76.0699999999997,-2.06,0.93
0.0,11.0,0.0,0.0,0.0,13.0,28.0,0.0,6.0,0.0,0.0,0.0,0.0,0.0,0.0,1.0,0.0,0.0,0.0,0.0,0.0,1.0,83.12,-5.63,9.279999999999992
0.0,48.0,0.0,0.0,57.0,65.0,27.0,0.0,0.0,0.0,0.0,0.0,0.0,0.0,0.0,1.0,0.0,0.0,1.0,0.0,0.0,0.0,76.7099999999998,-8.92,2.96
0.0,6.0,0.0,0.0,6.0,53.0,27.0,0.0,0.0,0.0,0.0,0.0,0.0,0.0,0.0,1.0,0.0,0.0,1.0,0.0,0.0,0.0,88.27,-4.03,11.98
0.0,0.0,0.0,187.0,0.0,0.0,27.0,0.0,0.0,0.0,15.0,0.0,0.0,0.0,0.0,1.0,0.0,0.0,0.0,0.0,1.0,0.0,72.77,-22.29,-16.27
0.0,0.0,0.0,100.0,0.0,0.0,27.0,0.0,0.0,50.0,0.0,0.0,0.0,0.0,0.0,1.0,0.0,0.0,1.0,0.0,0.0,0.0,73.22,-16.72,-13.32
0.0,54.0,0.0,0.0,15.0,160.0,26.0,0.0,0.0,0.0,0.0,0.0,0.0,0.0,0.0,1.0,0.0,0.0,0.0,1.0,0.0,0.0,73.48,-3.84,8.22
0.0,0.0,0.0,0.0,13.0,25.0,26.0,0.0,0.0,0.0,0.0,0.0,0.0,0.0,0.0,1.0,0.0,0.0,0.0,0.0,1.0,0.0,89.29,-10.72,14.67
0.0,4.0,0.0,0.0,0.0,21.0,26.0,0.0,13.0,0.0,0.0,0.0,0.0,0.0,0.0,1.0,0.0,0.0,0.0,0.0,0.0,1.0,87.18,-0.65,15.41
0.0,9.0,0.0,0.0,116.0,0.0,26.0,0.0,0.0,0.0,0.0,0.0,0.0,0.0,0.0,1.0,0.0,0.0,0.0,1.0,0.0,0.0,80.64,-21.82,1.66
0.0,0.0,0.0,73.0,61.0,0.0,25.0,0.0,0.0,0.0,0.0,5.0,0.0,0.0,0.0,1.0,0.0,0.0,0.0,1.0,0.0,0.0,79.13,-22.54,-6.1
7.0,0.0,0.0,0.0,56.0,0.0,25.0,0.0,0.0,45.0,0.0,0.0,0.0,0.0,0.0,1.0,0.0,0.0,0.0,0.0,0.0,1.0,77.4599999999998,-13.93,-1.02
0.0,6.0,0.0,0.0,0.0,93.0,24.0,0.0,0.0,0.0,0.0,3.0,0.0,0.0,0.0,1.0,0.0,0.0,1.0,0.0,0.0,0.0,87.36,0.14,15.86
0.0,0.0,0.0,0.0,0.0,36.0,24.0,0.0,12.0,0.0,0.0,0.0,0.0,0.0,0.0,1.0,0.0,0.0,0.0,1.0,0.0,0.0,91.23,1.18,17.11
0.0,0.0,0.0,79.0,0.0,0.0,24.0,0.0,0.0,0.0,0.0,24.0,0.0,0.0,0.0,1.0,0.0,0.0,0.0,0.0,1.0,0.0,77.4599999999998,-15.46,-10.2
0.0,92.0,0.0,75.0,0.0,0.0,24.0,0.0,0.0,0.0,0.0,0.0,0.0,0.0,0.0,1.0,0.0,0.0,0.0,1.0,0.0,0.0,68.17,-7.98,-7.99
10.0,0.0,0.0,0.0,88.0,0.0,23.0,0.0,0.0,49.0,0.0,0.0,0.0,0.0,0.0,1.0,0.0,0.0,0.0,1.0,0.0,0.0,78.8199999999997,-15.38,-2.79
0.0,132.0,0.0,0.0,0.0,0.0,23.0,0.0,0.0,0.0,0.0,12.0,0.0,0.0,0.0,1.0,0.0,0.0,0.0,0.0,1.0,0.0,66.13,-1.7,-3.88
0.0,0.0,0.0,16.0,0.0,0.0,23.0,0.0,0.0,31.0,0.0,0.0,0.0,0.0,0.0,1.0,0.0,0.0,1.0,0.0,0.0,0.0,84.22,-6.43,-3.44
0.0,5.0,0.0,0.0,0.0,0.0,23.0,0.0,21.0,0.0,0.0,0.0,0.0,0.0,0.0,1.0,0.0,0.0,1.0,0.0,0.0,0.0,89.98,-0.48,7.78
0.0,5.0,0.0,0.0,0.0,84.0,22.0,0.0,0.0,0.0,0.0,0.0,0.0,0.0,0.0,1.0,0.0,0.0,0.0,1.0,0.0,0.0,87.13,-0.14,16.05
0.0,77.0,0.0,0.0,80.0,0.0,22.0,0.0,0.0,0.0,0.0,0.0,0.0,45.0,0.0,1.0,0.0,0.0,0.0,0.0,0.0,1.0,63.76,-4.25,-0.48
0.0,34.0,0.0,0.0,0.0,0.0,22.0,0.0,0.0,0.0,0.0,0.0,9.0,0.0,0.0,1.0,0.0,0.0,0.0,1.0,0.0,0.0,79.04,-0.87,-0.35
18.0,0.0,0.0,0.0,62.0,20.0,21.0,0.0,0.0,0.0,0.0,0.0,0.0,0.0,0.0,1.0,0.0,0.0,0.0,0.0,0.0,1.0,81.93,-19.14,7.29
0.0,8.0,0.0,0.0,5.0,0.0,21.0,0.0,0.0,0.0,0.0,0.0,0.0,0.0,0.0,1.0,0.0,0.0,0.0,0.0,1.0,0.0,86.51,-5.89,6.1
0.0,74.0,0.0,0.0,0.0,0.0,21.0,0.0,0.0,0.0,0.0,0.0,0.0,20.0,0.0,1.0,0.0,0.0,0.0,0.0,0.0,1.0,66.3199999999997,-0.17,-0.25
0.0,13.0,0.0,0.0,0.0,60.0,20.0,0.0,0.0,0.0,0.0,0.0,0.0,0.0,0.0,1.0,0.0,0.0,0.0,0.0,0.0,1.0,81.91,-1.63,13.32
0.0,46.0,0.0,0.0,76.0,0.0,20.0,0.0,0.0,0.0,0.0,0.0,0.0,13.0,0.0,1.0,0.0,0.0,0.0,0.0,1.0,0.0,71.29,-9.69,-1.94
0.0,0.0,0.0,0.0,4.0,0.0,20.0,0.0,0.0,0.0,40.0,0.0,0.0,0.0,0.0,1.0,0.0,0.0,0.0,0.0,0.0,1.0,83.69,-0.41,-0.23
0.0,46.0,0.0,0.0,45.0,0.0,19.0,0.0,0.0,0.0,0.0,0.0,0.0,23.0,0.0,1.0,0.0,0.0,0.0,0.0,0.0,1.0,69.94,-4.54,0.28
0.0,0.0,0.0,5.0,0.0,0.0,19.0,0.0,0.0,0.0,7.0,0.0,2.0,0.0,0.0,1.0,0.0,0.0,1.0,0.0,0.0,0.0,90.54,-4.82,3.47
7.0,0.0,0.0,100.0,0.0,0.0,19.0,0.0,0.0,0.0,0.0,0.0,0.0,0.0,0.0,1.0,0.0,0.0,0.0,0.0,0.0,1.0,75.74,-23.41,-11.69
0.0,5.0,0.0,0.0,0.0,66.0,18.0,0.0,0.0,0.0,0.0,3.0,0.0,0.0,0.0,1.0,0.0,0.0,0.0,0.0,1.0,0.0,86.14,-0.11,15.67
0.0,55.0,0.0,0.0,0.0,20.0,18.0,0.0,0.0,0.0,0.0,0.0,0.0,4.0,0.0,1.0,0.0,0.0,0.0,0.0,0.0,1.0,71.88,-1.67,2.04
0.0,51.0,0.0,0.0,60.0,0.0,18.0,0.0,0.0,0.0,0.0,0.0,0.0,21.0,0.0,1.0,0.0,0.0,0.0,0.0,1.0,0.0,71.3,-6.36,-1.66
0.0,0.0,0.0,67.0,0.0,0.0,18.0,0.0,0.0,0.0,170.0,0.0,0.0,0.0,0.0,1.0,0.0,0.0,0.0,1.0,0.0,0.0,72.47,-4.04,-19.31
0.0,23.0,0.0,0.0,0.0,0.0,17.0,0.0,0.0,0.0,0.0,0.0,0.0,11.0,0.0,1.0,0.0,0.0,0.0,0.0,0.0,1.0,77.86,0.23,2.81
0.0,10.0,0.0,0.0,0.0,0.0,17.0,0.0,0.0,0.0,0.0,0.0,3.0,0.0,0.0,1.0,0.0,0.0,0.0,0.0,1.0,0.0,85.8,-1.49,4.02
0.0,0.0,0.0,125.0,0.0,0.0,17.0,0.0,0.0,0.0,25.0,0.0,0.0,0.0,0.0,1.0,0.0,0.0,1.0,0.0,0.0,0.0,78.23,-16.79,-16.67
0.0,7.0,0.0,0.0,0.0,0.0,16.0,0.0,20.0,0.0,0.0,0.0,0.0,0.0,0.0,1.0,0.0,0.0,0.0,1.0,0.0,0.0,87.65,-0.62,5.49
0.0,12.0,0.0,0.0,0.0,53.0,15.0,0.0,0.0,2.0,0.0,0.0,0.0,0.0,0.0,1.0,0.0,0.0,0.0,0.0,1.0,0.0,83.17,-1.58,9.99
0.0,17.0,0.0,0.0,13.0,29.0,15.0,0.0,0.0,0.0,0.0,0.0,0.0,0.0,0.0,1.0,0.0,0.0,0.0,0.0,0.0,1.0,79.63,-5.91,6.59
0.0,0.0,0.0,22.0,149.0,0.0,15.0,0.0,0.0,0.0,5.0,0.0,0.0,0.0,0.0,1.0,0.0,0.0,1.0,0.0,0.0,0.0,81.5999999999999,-26.95,-2.6
11.0,0.0,0.0,0.0,0.0,0.0,14.0,0.0,10.0,0.0,0.0,0.0,0.0,0.0,0.0,1.0,0.0,0.0,0.0,1.0,0.0,0.0,91.34,-1.03,6.84
0.0,7.0,0.0,179.0,0.0,0.0,14.0,0.0,0.0,0.0,0.0,0.0,0.0,0.0,0.0,1.0,0.0,0.0,0.0,1.0,0.0,0.0,73.79,-19.41,-18.11
0.0,7.8,0.0,116.0,0.0,0.0,14.0,0.0,0.0,0.0,0.0,0.0,0.0,0.0,0.0,1.0,0.0,0.0,1.0,0.0,0.0,0.0,78.29,-17.53,-14.7
0.0,30.0,0.0,0.0,55.0,49.0,13.0,0.0,0.0,0.0,0.0,0.0,0.0,0.0,0.0,1.0,0.0,0.0,1.0,0.0,0.0,0.0,79.5,-10.17,2.18
18.0,0.0,0.0,0.0,0.0,12.0,13.0,0.0,0.0,0.0,0.0,0.0,0.0,0.0,0.0,1.0,0.0,0.0,0.0,1.0,0.0,0.0,89.91,-2.07,7.28
0.0,0.0,0.0,44.0,0.0,0.0,13.0,0.0,0.0,0.0,0.0,14.0,0.0,0.0,0.0,1.0,0.0,0.0,0.0,0.0,1.0,0.0,81.36,-13.26,-8.57
7.0,0.0,0.0,0.0,0.0,0.0,13.0,0.0,10.0,0.0,0.0,0.0,0.0,0.0,0.0,1.0,0.0,0.0,0.0,1.0,0.0,0.0,91.7099999999998,-0.96,8.02
7.0,0.0,0.0,0.0,0.0,0.0,13.0,0.0,10.0,0.0,0.0,0.0,0.0,0.0,0.0,1.0,0.0,0.0,0.0,0.0,1.0,0.0,91.5999999999999,-0.83,8.65
0.0,0.0,0.0,0.0,48.0,0.0,12.0,0.0,0.0,52.0,0.0,0.0,0.0,0.0,0.0,1.0,0.0,0.0,0.0,1.0,0.0,0.0,80.68,-9.74,-6.07
0.0,0.0,0.0,0.0,4.0,0.0,12.0,0.0,6.0,0.0,0.0,0.0,0.0,0.0,0.0,1.0,0.0,0.0,0.0,0.0,1.0,0.0,92.83,-5.55,8.83
14.0,0.0,0.0,0.0,44.0,0.0,11.0,0.0,0.0,23.0,0.0,0.0,0.0,0.0,0.0,1.0,0.0,0.0,0.0,0.0,1.0,0.0,81.49,-13.76,-3.1
0.0,6.0,0.0,0.0,0.0,0.0,11.0,0.0,11.0,0.0,0.0,0.0,0.0,0.0,0.0,1.0,0.0,0.0,1.0,0.0,0.0,0.0,90.64,-0.91,3.67
0.0,0.0,0.0,6.0,23.0,0.0,10.5,0.0,0.0,0.0,60.0,0.0,0.0,0.0,0.0,1.0,0.0,0.0,0.0,0.0,0.0,1.0,79.28,-5.58,-8.75
0.0,11.0,0.0,0.0,0.0,73.0,10.0,0.0,0.0,0.0,0.0,0.0,5.0,0.0,0.0,1.0,0.0,0.0,0.0,1.0,0.0,0.0,83.94,0.48,9.44
2.0,0.0,0.0,0.0,0.0,70.0,10.0,0.0,0.0,0.0,0.0,0.0,0.0,0.0,0.0,1.0,0.0,0.0,0.0,0.0,0.0,1.0,89.29,2.05,22.04
0.0,0.0,0.0,0.0,25.0,11.0,10.0,0.0,0.0,0.0,0.0,0.0,0.0,0.0,0.0,1.0,0.0,0.0,0.0,1.0,0.0,0.0,89.14,-14.35,5.85
2.0,0.0,0.0,0.0,0.0,7.0,10.0,0.0,0.0,0.0,0.0,0.0,0.0,0.0,0.0,1.0,0.0,0.0,0.0,0.0,0.0,1.0,93.11,-2.03,11.54
0.0,32.0,0.0,0.0,59.0,0.0,10.0,0.0,0.0,0.0,0.0,0.0,0.0,0.0,0.0,1.0,0.0,0.0,1.0,0.0,0.0,0.0,77.69,-10.11,-2.63
0.0,32.0,0.0,0.0,59.0,0.0,10.0,0.0,0.0,0.0,0.0,0.0,0.0,0.0,0.0,1.0,0.0,0.0,1.0,0.0,0.0,0.0,80.38,-10.33,-2.61
0.0,25.0,0.0,0.0,15.0,0.0,10.0,0.0,0.0,0.0,0.0,14.0,0.0,0.0,0.0,1.0,0.0,0.0,0.0,0.0,1.0,0.0,78.45,-3.34,-2.38
0.0,31.0,0.0,0.0,0.0,0.0,10.0,0.0,0.0,0.0,0.0,0.0,0.0,3.0,0.0,1.0,0.0,0.0,0.0,1.0,0.0,0.0,80.3499999999999,-1.45,-1.4
0.0,0.0,0.0,125.0,0.0,0.0,10.0,0.0,0.0,0.0,114.0,0.0,0.0,0.0,0.0,1.0,0.0,0.0,1.0,0.0,0.0,0.0,72.9599999999998,-9.609999999999992,-23.47
0.0,0.0,0.0,74.0,0.0,0.0,10.0,0.0,0.0,0.0,86.0,0.0,0.0,0.0,0.0,1.0,0.0,0.0,1.0,0.0,0.0,0.0,76.91,-8.17,-19.07
0.0,0.0,0.0,27.0,0.0,0.0,10.0,0.0,0.0,16.0,0.0,0.0,0.0,0.0,0.0,1.0,0.0,0.0,1.0,0.0,0.0,0.0,83.0699999999997,-11.43,-7.78
0.0,24.0,0.0,0.0,0.0,10.0,9.5,0.0,0.0,0.0,0.0,0.0,0.0,10.5,0.0,1.0,0.0,0.0,0.0,1.0,0.0,0.0,81.0,0.23,0.95
0.0,0.0,0.0,0.0,74.0,27.0,9.0,0.0,0.0,0.0,0.0,0.0,0.0,0.0,0.0,1.0,0.0,0.0,0.0,0.0,1.0,0.0,82.75,-23.23,5.13
0.0,95.0,0.0,0.0,0.0,6.0,9.0,0.0,0.0,0.0,0.0,0.0,0.0,0.0,0.0,1.0,0.0,0.0,0.0,0.0,0.0,1.0,66.56,-1.52,-1.99
0.0,0.0,0.0,0.0,71.0,0.0,9.0,0.0,0.0,91.0,0.0,0.0,3.0,0.0,0.0,1.0,0.0,0.0,1.0,0.0,0.0,0.0,77.8,-7.86,-9.84
0.0,0.0,0.0,16.0,0.0,0.0,9.0,0.0,0.0,0.0,0.0,29.0,0.0,0.0,0.0,1.0,0.0,0.0,0.0,1.0,0.0,0.0,84.93,-3.0,-5.69
0.0,0.0,0.0,90.0,0.0,0.0,9.0,0.0,0.0,0.0,113.0,0.0,0.0,0.0,0.0,1.0,0.0,0.0,0.0,1.0,0.0,0.0,73.62,-7.5,-21.39
0.0,0.0,0.0,137.0,0.0,0.0,9.0,0.0,0.0,0.0,40.0,0.0,0.0,0.0,0.0,1.0,0.0,0.0,0.0,0.0,1.0,0.0,74.29,-15.54,-21.2
0.0,0.0,0.0,42.0,0.0,0.0,9.0,0.0,0.0,0.0,5.0,0.0,0.0,0.0,0.0,1.0,0.0,0.0,0.0,0.0,1.0,0.0,82.8,-16.0,-9.88
0.0,0.0,0.0,152.0,0.0,0.0,8.5,0.0,0.0,0.0,69.0,0.0,0.0,0.0,0.0,1.0,0.0,0.0,0.0,0.0,0.0,1.0,69.47,-14.93,-24.67
0.0,0.0,0.0,20.0,0.0,0.0,8.5,0.0,0.0,28.0,0.0,0.0,0.0,0.0,0.0,1.0,0.0,0.0,1.0,0.0,0.0,0.0,84.73,-6.16,-8.34
0.0,21.0,0.0,67.0,0.0,71.0,8.0,0.0,0.0,0.0,0.0,0.0,0.0,0.0,0.0,1.0,0.0,0.0,0.0,1.0,0.0,0.0,75.08,-12.19,-3.11
23.0,0.0,0.0,0.0,0.0,19.0,8.0,0.0,3.0,0.0,0.0,0.0,0.0,0.0,0.0,1.0,0.0,0.0,0.0,0.0,0.0,1.0,87.19,-1.0,9.17
0.0,28.0,0.0,0.0,0.0,13.0,8.0,0.0,0.0,0.0,0.0,0.0,0.0,2.0,0.0,1.0,0.0,0.0,0.0,1.0,0.0,0.0,80.26,-1.62,0.42
0.0,0.0,0.0,0.0,57.0,0.0,8.0,0.0,0.0,0.0,14.0,0.0,0.0,0.0,0.0,1.0,0.0,0.0,1.0,0.0,0.0,0.0,86.97,-17.59,0.62
0.0,14.0,0.0,69.0,57.0,0.0,8.0,0.0,0.0,0.0,0.0,0.0,0.0,0.0,0.0,1.0,0.0,0.0,0.0,0.0,0.0,1.0,72.79,-19.89,-9.86999999999999
0.0,0.0,0.0,0.0,51.0,0.0,8.0,0.0,0.0,54.0,0.0,0.0,0.0,0.0,0.0,1.0,0.0,0.0,0.0,1.0,0.0,0.0,79.78,-9.47,-7.4
15.0,0.0,0.0,0.0,0.0,0.0,8.0,0.0,7.0,0.0,0.0,0.0,0.0,0.0,0.0,1.0,0.0,0.0,0.0,0.0,0.0,1.0,89.38,-0.95,5.79
0.0,0.0,0.0,250.0,0.0,0.0,8.0,0.0,0.0,0.0,0.0,0.0,0.0,0.0,0.0,1.0,0.0,0.0,1.0,0.0,0.0,0.0,74.72,-20.6,-23.67
1.0,0.0,0.0,0.0,0.0,6.8,7.9,0.0,0.0,0.0,0.0,0.0,0.0,0.0,0.0,1.0,0.0,0.0,0.0,1.0,0.0,0.0,94.13,-1.71,8.57
0.0,100.53,0.0,0.0,0.0,0.0,7.06,0.0,0.0,0.0,0.0,0.0,3.58,0.0,0.0,1.0,0.0,0.0,0.0,0.0,0.0,1.0,65.38,-1.17,-3.17
0.0,4.0,0.0,0.0,0.0,25.0,7.0,0.0,0.0,0.0,0.0,5.0,0.0,0.0,0.0,1.0,0.0,0.0,0.0,0.0,1.0,0.0,87.8,0.14,8.27
0.0,55.0,0.0,0.0,0.0,20.0,7.0,0.0,0.0,0.0,0.0,0.0,0.0,0.0,0.0,1.0,0.0,0.0,1.0,0.0,0.0,0.0,78.31,-1.98,-1.28
5.0,0.0,0.0,0.0,0.0,17.0,7.0,0.0,0.0,0.0,0.0,4.0,0.0,0.0,0.0,1.0,0.0,0.0,0.0,0.0,0.0,1.0,90.54,0.97,11.01
0.0,0.0,0.0,25.0,20.0,14.0,7.0,0.0,0.0,0.0,0.0,0.0,0.0,0.0,0.0,1.0,0.0,0.0,0.0,0.0,0.0,1.0,82.54,-19.06,-1.95
0.0,37.0,0.0,0.0,0.0,8.0,7.0,0.0,0.0,0.0,0.0,0.0,0.0,0.0,0.0,1.0,0.0,0.0,1.0,0.0,0.0,0.0,81.51,-1.89,-1.32
0.0,0.0,0.0,0.0,56.0,0.0,7.0,0.0,14.0,0.0,0.0,0.0,0.0,0.0,0.0,1.0,0.0,0.0,0.0,1.0,0.0,0.0,86.17,-17.86,0.6
15.0,0.0,0.0,0.0,9.0,0.0,7.0,0.0,0.0,0.0,40.0,0.0,0.0,0.0,0.0,1.0,0.0,0.0,0.0,0.0,0.0,1.0,81.84,-0.61,-6.21
0.0,64.0,0.0,0.0,0.0,0.0,7.0,0.0,0.0,0.0,0.0,0.0,3.0,0.0,0.0,1.0,0.0,0.0,0.0,0.0,1.0,0.0,71.62,-1.34,-3.55
0.0,4.0,0.0,0.0,0.0,0.0,6.5,0.0,5.0,0.0,0.0,0.0,0.0,0.0,0.0,1.0,0.0,0.0,0.0,0.0,1.0,0.0,89.84,-1.37,3.82
0.0,14.0,0.0,0.0,0.0,137.0,6.0,0.0,0.0,0.0,0.0,36.0,0.0,0.0,0.0,1.0,0.0,0.0,0.0,0.0,0.0,1.0,77.14,4.25,13.57
0.0,0.0,0.0,0.0,68.0,0.0,6.0,0.0,0.0,11.0,0.0,0.0,0.0,0.0,0.0,1.0,0.0,0.0,0.0,0.0,1.0,0.0,82.9599999999998,-21.24,-2.63
0.0,7.0,0.0,0.0,10.0,0.0,6.0,0.0,0.0,0.0,0.0,0.0,0.0,0.0,0.0,1.0,0.0,0.0,0.0,0.0,0.0,1.0,83.9599999999998,-6.63,1.65
0.0,22.0,0.0,0.0,7.0,0.0,6.0,0.0,0.0,0.0,0.0,0.0,0.0,0.0,0.0,1.0,0.0,0.0,0.0,0.0,0.0,1.0,79.64,-3.37,-0.66
11.0,0.0,0.0,0.0,0.0,0.0,6.0,0.0,134.0,0.0,0.0,0.0,0.0,0.0,0.0,1.0,0.0,0.0,0.0,0.0,0.0,1.0,83.09,10.83,12.14
0.0,7.0,0.0,0.0,0.0,0.0,6.0,0.0,11.0,0.0,0.0,0.0,0.0,0.0,0.0,1.0,0.0,0.0,0.0,0.0,1.0,0.0,87.72,-0.58,2.25
4.5,0.0,0.0,21.0,0.0,0.0,6.0,0.0,0.0,0.0,0.0,0.0,0.0,0.0,0.0,1.0,0.0,0.0,0.0,1.0,0.0,0.0,87.2099999999998,-11.7,-5.82
0.0,30.0,0.0,13.0,0.0,0.0,6.0,0.0,0.0,0.0,0.0,0.0,0.0,0.0,0.0,1.0,0.0,0.0,0.0,0.0,1.0,0.0,77.25,-4.77,-4.57
0.0,16.5,0.0,0.0,0.0,81.0,5.5,0.0,0.0,0.0,0.0,30.0,0.0,0.0,0.0,1.0,0.0,0.0,0.0,0.0,0.0,1.0,76.87,3.0,8.8
18.0,0.0,0.0,0.0,0.0,27.0,5.0,0.0,0.0,0.0,0.0,0.0,0.0,0.0,0.0,1.0,0.0,0.0,0.0,0.0,1.0,0.0,88.31,-0.99,9.14
0.0,120.0,0.0,7.0,0.0,3.0,5.0,0.0,0.0,0.0,0.0,0.0,0.0,0.0,0.0,1.0,0.0,0.0,0.0,0.0,0.0,1.0,63.79,-2.07,-3.7
3.0,0.0,0.0,17.0,26.0,0.0,5.0,0.0,0.0,0.0,0.0,0.0,0.0,0.0,0.0,1.0,0.0,0.0,0.0,1.0,0.0,0.0,86.73,-15.55,-4.02
36.0,0.0,0.0,0.0,1.3,0.0,5.0,0.0,0.0,0.0,0.0,0.0,0.0,0.0,0.0,1.0,0.0,0.0,1.0,0.0,0.0,0.0,89.33,-2.14,-0.02
0.0,18.0,0.0,128.0,0.0,0.0,5.0,0.0,0.0,0.0,0.0,0.0,29.0,0.0,0.0,1.0,0.0,0.0,0.0,1.0,0.0,0.0,71.53,-11.29,-15.41
0.0,11.0,13.0,0.0,0.0,0.0,5.0,0.0,0.0,0.0,0.0,0.0,17.0,0.0,0.0,1.0,0.0,0.0,1.0,0.0,0.0,0.0,84.14,-0.75,-4.13
11.0,0.0,0.0,0.0,0.0,0.0,5.0,0.0,215.0,0.0,0.0,0.0,0.0,0.0,0.0,1.0,0.0,0.0,0.0,0.0,0.0,1.0,80.73,14.74,14.44
26.0,0.0,0.0,0.0,0.0,0.0,5.0,0.0,10.0,0.0,0.0,0.0,0.0,0.0,0.0,1.0,0.0,0.0,1.0,0.0,0.0,0.0,90.18,-0.48,1.41
8.85,0.0,0.0,0.0,0.0,0.0,5.0,0.0,8.0,0.0,0.0,0.0,0.0,0.0,0.0,1.0,0.0,0.0,0.0,0.0,0.0,1.0,91.56,0.06,5.91
5.0,0.0,0.0,0.0,0.0,0.0,5.0,0.0,6.0,0.0,0.0,0.0,0.0,0.0,0.0,1.0,0.0,0.0,0.0,0.0,1.0,0.0,92.65,-0.62,4.64
0.0,5.0,0.0,0.0,0.0,0.0,5.0,0.0,4.0,0.0,0.0,0.0,0.0,0.0,0.0,1.0,0.0,0.0,0.0,1.0,0.0,0.0,90.23,-1.14,1.93
0.0,5.0,0.0,0.0,0.0,0.0,5.0,0.0,3.0,0.0,0.0,0.0,0.0,0.0,0.0,1.0,0.0,0.0,0.0,0.0,0.0,1.0,88.63,-1.16,3.31
7.0,0.0,0.0,0.0,0.0,0.0,5.0,0.0,3.0,0.0,0.0,0.0,0.0,0.0,0.0,1.0,0.0,0.0,0.0,0.0,1.0,0.0,92.39,-1.17,4.48
0.0,4.2,0.0,0.0,0.0,0.0,4.6,0.0,7.0,0.0,0.0,0.0,0.0,0.0,0.0,1.0,0.0,0.0,0.0,0.0,0.0,1.0,88.8,-0.41,4.06
22.2,0.0,0.0,0.0,0.0,0.0,4.4,0.0,0.0,0.0,0.0,2.9,0.0,0.0,0.0,1.0,0.0,0.0,0.0,1.0,0.0,0.0,89.22,-0.57,1.01
0.0,4.6,0.0,0.0,0.0,0.0,4.4,0.0,13.8,0.0,0.0,0.0,0.0,0.0,0.0,1.0,0.0,0.0,0.0,0.0,1.0,0.0,88.73,0.16,2.63
0.0,33.0,0.0,0.0,0.0,26.0,4.0,0.0,0.0,0.0,0.0,0.0,0.0,0.0,0.0,1.0,0.0,0.0,0.0,0.0,1.0,0.0,77.86,-1.88,0.54
0.0,6.0,0.0,20.0,52.0,0.0,4.0,0.0,0.0,0.0,0.0,0.0,0.0,0.0,0.0,1.0,0.0,0.0,0.0,0.0,0.0,1.0,79.75,-18.62,-5.08
10.0,0.0,0.0,0.0,30.0,0.0,4.0,0.0,0.0,0.0,0.0,0.0,0.0,0.0,0.0,1.0,0.0,0.0,0.0,1.0,0.0,0.0,88.12,-13.88,-0.28
0.0,0.0,0.0,30.0,28.0,0.0,4.0,0.0,0.0,0.0,0.0,0.0,0.0,0.0,0.0,1.0,0.0,0.0,0.0,0.0,1.0,0.0,83.87,-19.54,-7.98
0.0,0.0,0.0,0.0,26.0,0.0,4.0,0.0,0.0,0.0,0.0,11.0,0.0,0.0,0.0,1.0,0.0,0.0,0.0,0.0,1.0,0.0,87.3499999999999,-10.74,-1.92
0.0,16.0,0.0,0.0,0.0,0.0,4.0,0.0,0.0,0.0,0.0,0.0,0.0,2.0,0.0,1.0,0.0,0.0,0.0,0.0,0.0,1.0,82.26,-0.95,-0.11
0.0,0.0,0.0,68.0,0.0,0.0,4.0,0.0,0.0,0.0,0.0,4.0,0.0,0.0,0.0,1.0,0.0,0.0,0.0,0.0,1.0,0.0,80.67,-16.27,-15.78
13.0,0.0,0.0,0.0,0.0,0.0,4.0,0.0,0.0,0.0,0.0,4.0,0.0,0.0,0.0,1.0,0.0,0.0,0.0,1.0,0.0,0.0,91.14,0.04,1.2
0.0,0.0,0.0,160.0,0.0,0.0,4.0,0.0,0.0,0.0,58.0,0.0,0.0,0.0,0.0,1.0,0.0,0.0,1.0,0.0,0.0,0.0,74.04,-13.78,-25.02
0.0,0.0,0.0,9.0,0.0,0.0,4.0,0.0,0.0,0.0,3.0,0.0,0.0,0.0,0.0,1.0,0.0,0.0,0.0,1.0,0.0,0.0,90.4599999999998,-7.63,-3.45
14.0,0.0,0.0,0.0,0.0,0.0,4.0,0.0,4.0,0.0,0.0,0.0,0.0,0.0,0.0,1.0,0.0,0.0,0.0,0.0,0.0,1.0,90.16,-0.78,3.53
0.0,0.0,0.0,43.5,0.0,0.0,4.0,0.0,0.0,0.0,0.0,0.0,0.0,0.0,0.0,1.0,0.0,0.0,0.0,1.0,0.0,0.0,84.42,-14.97,-11.74
5.0,0.0,6.8,0.0,0.0,0.0,3.8,0.0,0.0,0.0,4.0,0.0,0.0,0.0,0.0,1.0,0.0,0.0,0.0,0.0,0.0,1.0,88.69,-6.31,-1.88
0.0,13.0,0.0,0.0,11.0,30.0,3.0,0.0,0.0,0.0,0.0,0.0,0.0,0.0,0.0,1.0,0.0,0.0,0.0,0.0,0.0,1.0,80.8499999999999,-4.79,4.72
16.0,0.0,0.0,0.0,0.0,17.0,3.0,0.0,0.0,0.0,0.0,0.0,0.0,0.0,0.0,1.0,0.0,0.0,0.0,0.0,1.0,0.0,89.47,-1.0,7.06
2.5,0.0,0.0,0.0,0.0,16.0,3.0,0.0,0.0,0.0,0.0,0.0,0.0,0.0,0.0,1.0,0.0,0.0,0.0,1.0,0.0,0.0,93.04,-0.56,8.09
0.0,8.0,0.0,0.0,0.0,9.0,3.0,0.0,3.0,0.0,0.0,0.0,0.0,0.0,0.0,1.0,0.0,0.0,0.0,0.0,0.0,1.0,85.92,-0.97,3.86
0.0,0.0,0.0,0.0,19.0,7.0,3.0,0.0,0.0,0.0,0.0,0.0,0.0,0.0,0.0,1.0,0.0,0.0,0.0,0.0,0.0,1.0,89.5999999999999,-12.97,4.22
0.0,8.0,0.0,0.0,9.0,0.0,3.0,0.0,0.0,0.0,0.0,0.0,0.0,0.0,0.0,1.0,0.0,0.0,1.0,0.0,0.0,0.0,89.53,-5.09,-1.16
0.0,0.0,0.0,0.0,5.0,0.0,3.0,0.0,0.0,0.0,162.0,0.0,0.0,0.0,0.0,1.0,0.0,0.0,0.0,1.0,0.0,0.0,76.94,6.12,-17.49
0.0,9.0,0.0,0.0,2.0,0.0,3.0,0.0,0.0,0.0,0.0,0.0,0.0,0.0,0.0,1.0,0.0,0.0,1.0,0.0,0.0,0.0,89.74,-2.14,-0.49
2.0,0.0,0.0,0.0,0.0,0.0,3.0,0.0,2.0,0.0,0.0,7.0,0.0,0.0,0.0,1.0,0.0,0.0,0.0,1.0,0.0,0.0,92.3,2.4,1.36
0.0,10.0,0.0,0.0,0.0,0.0,3.0,0.0,0.0,0.0,0.0,2.0,0.0,0.0,0.0,1.0,0.0,0.0,1.0,0.0,0.0,0.0,89.04,-0.96,-0.72
0.0,0.0,0.0,16.0,0.0,0.0,3.0,0.0,0.0,15.0,0.0,0.0,0.0,0.0,0.0,1.0,0.0,0.0,1.0,0.0,0.0,0.0,86.92,-6.89,-8.92
5.0,0.0,0.0,0.0,0.0,0.0,3.0,0.0,6.0,0.0,0.0,0.0,0.0,0.0,0.0,1.0,0.0,0.0,0.0,0.0,1.0,0.0,92.69,0.0,3.66
0.0,0.0,0.0,0.0,0.0,0.0,3.0,0.0,3.0,0.0,0.0,0.0,0.0,0.0,0.0,1.0,0.0,0.0,1.0,0.0,0.0,0.0,95.43,-0.57,3.71
0.0,0.0,0.0,0.0,0.0,0.0,3.0,0.0,3.0,0.0,0.0,0.0,0.0,0.0,0.0,1.0,0.0,0.0,1.0,0.0,0.0,0.0,95.39,-0.63,3.59
1.0,0.0,0.0,0.0,0.0,0.0,3.0,0.0,1.5,0.0,0.0,0.0,0.0,0.0,0.0,1.0,0.0,0.0,0.0,0.0,0.0,1.0,94.45,-1.07,5.26
0.0,10.0,0.0,0.0,0.0,60.0,2.0,0.0,0.0,0.0,0.0,0.0,2.0,0.0,0.0,1.0,0.0,0.0,0.0,1.0,0.0,0.0,85.65,-0.16,8.41
2.0,0.0,0.0,0.0,0.0,36.0,2.0,0.0,0.0,0.0,0.0,0.0,0.0,0.0,0.0,1.0,0.0,0.0,0.0,1.0,0.0,0.0,92.12,0.6,12.16
3.0,0.0,0.0,0.0,0.0,30.0,2.0,0.0,4.0,0.0,0.0,0.0,0.0,0.0,0.0,1.0,0.0,0.0,0.0,1.0,0.0,0.0,91.89,0.87,10.5
7.0,0.0,0.0,0.0,1.7,17.0,2.0,0.0,0.0,0.0,0.0,0.0,0.0,0.0,0.0,1.0,0.0,0.0,0.0,0.0,0.0,1.0,89.54,-1.48,8.15
0.0,0.0,0.0,0.0,0.0,7.0,2.0,0.0,2.0,0.0,0.0,0.0,0.0,0.0,0.0,1.0,0.0,0.0,0.0,1.0,0.0,0.0,94.41,-0.31,6.05
0.0,0.0,0.0,0.0,0.0,6.4,2.0,0.0,2.0,0.0,0.0,0.0,0.0,0.0,0.0,1.0,0.0,0.0,0.0,0.0,1.0,0.0,94.54,-0.31,6.38
38.0,0.0,0.0,0.0,0.0,6.0,2.0,0.0,0.0,0.0,0.0,0.0,0.0,0.0,0.0,1.0,0.0,0.0,0.0,0.0,1.0,0.0,86.94,-1.27,1.01
0.0,0.0,0.0,23.0,3.5,0.0,2.0,0.0,0.0,0.0,0.0,0.0,3.5,0.0,0.0,1.0,0.0,0.0,0.0,0.0,1.0,0.0,86.25,-10.37,-8.8
0.0,0.0,0.0,0.0,2.0,0.0,2.0,0.0,0.0,0.0,7.0,0.0,0.0,0.0,0.0,1.0,0.0,0.0,0.0,0.0,0.0,1.0,91.55,-0.72,-0.35
36.0,0.0,0.0,0.0,2.0,0.0,2.0,0.0,0.0,0.0,0.0,0.0,0.0,0.0,0.0,1.0,0.0,0.0,1.0,0.0,0.0,0.0,89.49,-1.86,-1.21
2.0,0.0,0.0,0.0,0.0,0.0,2.0,0.0,0.0,0.0,0.0,21.0,0.0,0.0,0.0,1.0,0.0,0.0,0.0,0.0,1.0,0.0,90.06,7.59,-1.59
0.0,0.0,8.0,0.0,0.0,0.0,2.0,0.0,0.0,0.0,0.0,3.0,0.0,0.0,0.0,1.0,0.0,0.0,0.0,0.0,0.0,1.0,89.87,-6.6,-3.43
0.0,0.0,0.0,3.0,0.0,0.0,2.0,0.0,0.0,0.0,24.0,0.0,0.0,0.0,0.0,1.0,0.0,0.0,0.0,0.0,0.0,1.0,85.75,0.67,-7.34
0.0,0.0,0.0,167.0,0.0,0.0,2.0,0.0,0.0,0.0,20.0,0.0,0.0,0.0,0.0,1.0,0.0,0.0,0.0,1.0,0.0,0.0,74.93,-16.54,-23.89
25.0,0.0,0.0,0.0,0.0,0.0,2.0,0.0,9.0,0.0,0.0,0.0,0.0,0.0,0.0,1.0,0.0,0.0,0.0,0.0,1.0,0.0,88.86,-0.05,1.04
10.0,0.0,0.0,0.0,0.0,0.0,2.0,0.0,2.0,0.0,0.0,0.0,0.0,0.0,0.0,1.0,0.0,0.0,0.0,0.0,1.0,0.0,92.05,-0.79,1.9
0.0,0.0,0.0,143.0,0.0,0.0,2.0,0.0,0.0,0.0,0.0,0.0,0.0,0.0,0.0,1.0,0.0,0.0,1.0,0.0,0.0,0.0,78.36,-18.23,-21.78
2.0,0.0,0.0,8.0,0.0,0.0,2.0,0.0,0.0,0.0,0.0,0.0,0.0,0.0,0.0,1.0,0.0,0.0,0.0,1.0,0.0,0.0,90.93,-7.5,-3.68
0.0,0.0,0.0,8.0,0.0,0.0,2.0,0.0,0.0,0.0,0.0,0.0,0.0,0.0,0.0,1.0,0.0,0.0,0.0,1.0,0.0,0.0,91.34,-7.87,-3.68
0.0,0.0,0.0,7.4,0.0,0.0,1.3,0.0,0.0,0.0,23.5,0.0,0.0,0.0,0.0,1.0,0.0,0.0,0.0,0.0,0.0,1.0,84.37,-1.99,-9.93
0.0,53.0,0.0,0.0,0.0,229.0,0.0,0.0,0.0,0.0,0.0,0.0,0.0,65.0,0.0,1.0,0.0,0.0,0.0,1.0,0.0,0.0,70.0,4.03,8.76
0.0,22.0,0.0,0.0,23.0,228.0,0.0,0.0,0.0,0.0,0.0,0.0,0.0,0.0,0.0,1.0,0.0,0.0,0.0,1.0,0.0,0.0,78.0999999999999,-4.05,13.71
0.0,7.0,0.0,0.0,0.0,206.0,0.0,0.0,17.0,0.0,0.0,0.0,0.0,0.0,0.0,1.0,0.0,0.0,0.0,1.0,0.0,0.0,82.59,2.78,19.94
0.0,0.0,0.0,51.0,0.0,201.0,0.0,0.0,0.0,0.0,0.0,0.0,0.0,95.0,0.0,1.0,0.0,0.0,0.0,0.0,0.0,1.0,66.43,0.63,8.52999999999999
0.0,44.0,0.0,0.0,0.0,190.0,0.0,0.0,0.0,0.0,0.0,8.0,0.0,0.0,0.0,1.0,0.0,0.0,1.0,0.0,0.0,0.0,77.2,-0.71,8.88
0.0,69.0,0.0,0.0,0.0,180.0,0.0,0.0,0.0,0.0,0.0,0.0,0.0,20.0,0.0,1.0,0.0,0.0,0.0,1.0,0.0,0.0,71.36,0.11,6.17
0.0,39.0,0.0,0.0,0.0,169.0,0.0,0.0,0.0,0.0,0.0,0.0,0.0,33.0,0.0,1.0,0.0,0.0,0.0,1.0,0.0,0.0,73.75,2.62,8.56
0.0,10.0,0.0,0.0,43.0,167.0,0.0,0.0,0.0,0.0,0.0,0.0,0.0,0.0,0.0,1.0,0.0,0.0,0.0,1.0,0.0,0.0,79.54,-8.69,12.47
0.0,54.0,0.0,0.0,0.0,164.0,0.0,0.0,0.0,0.0,0.0,0.0,0.0,42.0,0.0,1.0,0.0,0.0,0.0,1.0,0.0,0.0,71.38,2.53,7.06
0.0,14.0,0.0,0.0,0.0,155.0,0.0,0.0,0.0,21.0,0.0,0.0,0.0,9.0,0.0,1.0,0.0,0.0,1.0,0.0,0.0,0.0,80.17,2.23,9.89
0.0,153.0,0.0,0.0,0.0,152.0,0.0,0.0,0.0,0.0,0.0,0.0,32.0,0.0,0.0,1.0,0.0,0.0,0.0,1.0,0.0,0.0,65.12,-0.35,0.22
0.0,6.0,0.0,0.0,58.0,141.0,0.0,0.0,0.0,0.0,0.0,0.0,0.0,0.0,0.0,1.0,0.0,0.0,0.0,0.0,1.0,0.0,79.29,-12.35,12.38
0.0,9.0,0.0,0.0,0.0,140.0,0.0,0.0,0.0,0.0,0.0,20.0,0.0,0.0,0.0,1.0,0.0,0.0,0.0,0.0,0.0,1.0,79.69,3.93,15.84
0.0,5.0,0.0,0.0,67.0,137.0,0.0,0.0,0.0,0.0,0.0,0.0,0.0,0.0,0.0,1.0,0.0,0.0,0.0,0.0,1.0,0.0,79.17,-13.36,12.12
0.0,39.0,0.0,0.0,0.0,135.0,0.0,0.0,0.0,0.0,0.0,0.0,0.0,18.0,0.0,1.0,0.0,0.0,0.0,0.0,0.0,1.0,71.65,1.27,9.41
0.0,8.0,0.0,0.0,0.0,135.0,0.0,0.0,0.0,0.0,0.0,9.0,0.0,0.0,0.0,1.0,0.0,0.0,0.0,0.0,0.0,1.0,80.95,2.75,17.66
0.0,252.0,0.0,0.0,0.0,133.0,0.0,0.0,0.0,0.0,0.0,0.0,0.0,108.0,0.0,1.0,0.0,0.0,0.0,0.0,1.0,0.0,51.71,1.82,-0.33
0.0,7.0,0.0,0.0,0.0,129.0,0.0,0.0,0.0,0.0,0.0,6.0,0.0,0.0,0.0,1.0,0.0,0.0,0.0,1.0,0.0,0.0,84.59,1.84,14.73
0.0,30.0,0.0,0.0,17.0,125.0,0.0,0.0,0.0,0.0,0.0,0.0,0.0,0.0,0.0,1.0,0.0,0.0,0.0,1.0,0.0,0.0,77.66,-4.05,7.91
0.0,41.0,0.0,0.0,0.0,125.0,0.0,0.0,0.0,0.0,0.0,0.0,0.0,17.5,0.0,1.0,0.0,0.0,0.0,0.0,1.0,0.0,73.37,0.84,7.7
0.0,165.0,0.0,0.0,0.0,122.0,0.0,0.0,0.0,0.0,0.0,0.0,0.0,40.0,0.0,1.0,0.0,0.0,1.0,0.0,0.0,0.0,65.2,-0.08,-0.34
0.0,69.0,0.0,0.0,0.0,121.0,0.0,0.0,0.0,0.0,0.0,0.0,0.0,31.0,0.0,1.0,0.0,0.0,0.0,1.0,0.0,0.0,70.9,0.8,3.54
0.0,43.5,0.0,0.0,0.0,120.0,0.0,0.0,0.0,0.0,0.0,0.0,0.0,13.0,0.0,1.0,0.0,0.0,0.0,0.0,1.0,0.0,72.73,-0.08,6.33
0.0,66.0,0.0,0.0,0.0,119.0,0.0,0.0,0.0,0.0,0.0,0.0,0.0,6.0,0.0,1.0,0.0,0.0,0.0,1.0,0.0,0.0,73.08,-1.33,3.25
0.0,121.0,0.0,0.0,0.0,117.0,0.0,0.0,0.0,0.0,0.0,0.0,24.0,0.0,0.0,1.0,0.0,0.0,0.0,1.0,0.0,0.0,67.39,-0.43,0.12
0.0,40.0,0.0,0.0,0.0,117.0,0.0,0.0,0.0,0.0,0.0,10.0,0.0,0.0,0.0,1.0,0.0,0.0,1.0,0.0,0.0,0.0,78.77,-0.79,5.58
0.0,4.0,0.0,0.0,2.0,115.0,0.0,0.0,0.0,0.0,0.0,0.0,0.0,0.0,0.0,1.0,0.0,0.0,1.0,0.0,0.0,0.0,87.9599999999998,0.81,15.89
0.0,150.0,0.0,0.0,0.0,114.0,0.0,0.0,0.0,0.0,0.0,0.0,0.0,40.0,0.0,1.0,0.0,0.0,1.0,0.0,0.0,0.0,67.47,0.04,-0.44
0.0,36.0,0.0,0.0,0.0,109.0,0.0,0.0,0.0,0.0,0.0,0.0,0.0,5.0,0.0,1.0,0.0,0.0,0.0,0.0,0.0,1.0,74.34,-0.62,8.97
0.0,141.0,0.0,0.0,0.0,107.0,0.0,0.0,0.0,0.0,0.0,0.0,0.0,41.0,0.0,1.0,0.0,0.0,1.0,0.0,0.0,0.0,67.69,0.16,-0.36
0.0,39.0,0.0,0.0,0.0,105.0,0.0,0.0,0.0,0.0,0.0,0.0,0.0,16.0,0.0,1.0,0.0,0.0,0.0,0.0,1.0,0.0,73.59,0.45,5.94
0.0,4.0,0.0,0.0,0.0,105.0,0.0,0.0,0.0,0.0,0.0,3.0,0.0,0.0,0.0,1.0,0.0,0.0,0.0,0.0,1.0,0.0,85.84,2.13,17.02
0.0,92.0,0.0,0.0,0.0,103.0,0.0,0.0,0.0,0.0,0.0,0.0,0.0,39.0,0.0,1.0,0.0,0.0,1.0,0.0,0.0,0.0,70.34,0.82,1.32
0.0,10.5,0.0,0.0,0.0,103.0,0.0,0.0,79.0,0.0,0.0,0.0,0.0,0.0,0.0,1.0,0.0,0.0,0.0,1.0,0.0,0.0,82.13,4.05,12.54
0.0,0.0,0.0,76.0,0.0,102.5,0.0,0.0,0.0,0.0,0.0,0.0,11.0,0.0,0.0,1.0,0.0,0.0,0.0,0.0,1.0,0.0,74.87,-13.59,-0.7
0.0,56.0,0.0,0.0,0.0,102.0,0.0,0.0,0.0,0.0,0.0,0.0,0.0,13.0,0.0,1.0,0.0,0.0,1.0,0.0,0.0,0.0,76.74,-0.45,3.34
0.0,102.0,0.0,34.0,0.0,102.0,0.0,0.0,0.0,0.0,0.0,0.0,0.0,0.0,0.0,1.0,0.0,0.0,1.0,0.0,0.0,0.0,68.3199999999997,-5.34,-2.43
0.0,76.0,0.0,0.0,0.0,101.0,0.0,0.0,0.0,0.0,0.0,1.0,0.0,0.0,0.0,1.0,0.0,0.0,0.0,0.0,0.0,1.0,68.03,-1.7,3.58
0.0,35.5,0.0,0.0,0.0,100.0,0.0,0.0,0.0,0.0,0.0,0.0,0.0,20.5,0.0,1.0,0.0,0.0,0.0,1.0,0.0,0.0,76.4,1.36,5.79
0.0,6.0,0.0,0.0,0.0,97.0,0.0,0.0,0.0,0.0,0.0,0.0,0.0,19.0,0.0,1.0,0.0,0.0,0.0,0.0,1.0,0.0,81.16,5.24,12.62
0.0,3.0,0.0,0.0,0.0,91.0,0.0,0.0,0.0,0.0,0.0,0.0,0.0,10.0,0.0,1.0,0.0,0.0,0.0,0.0,0.0,1.0,82.54,4.49,16.0
0.0,20.0,0.0,0.0,0.0,88.0,0.0,0.0,0.0,0.0,0.0,8.0,0.0,0.0,0.0,1.0,0.0,0.0,0.0,1.0,0.0,0.0,81.5,-0.07,7.16
0.0,99.69,0.0,0.0,0.0,85.15,0.0,0.0,0.0,0.0,0.0,0.0,0.0,22.84,0.0,1.0,0.0,0.0,1.0,0.0,0.0,0.0,71.8499999999999,-1.94,1.91
0.0,5.0,0.0,0.0,44.0,85.0,0.0,0.0,0.0,0.0,0.0,0.0,0.0,0.0,0.0,1.0,0.0,0.0,0.0,0.0,1.0,0.0,81.69,-12.07,9.58
0.0,47.0,0.0,0.0,0.0,84.0,0.0,0.0,0.0,0.0,0.0,0.0,0.0,34.0,0.0,1.0,0.0,0.0,1.0,0.0,0.0,0.0,76.53,2.39,4.18
0.0,106.0,0.0,0.0,0.0,83.0,0.0,0.0,0.0,0.0,0.0,0.0,11.0,0.0,0.0,1.0,0.0,0.0,0.0,1.0,0.0,0.0,67.63,-1.04,-0.85
0.0,34.0,0.0,0.0,0.0,82.0,0.0,0.0,0.0,0.0,0.0,0.0,0.0,4.0,0.0,1.0,0.0,0.0,0.0,1.0,0.0,0.0,79.0699999999997,-0.88,4.77
0.0,63.0,0.0,0.0,0.0,81.0,0.0,0.0,0.0,0.0,0.0,0.0,0.0,15.0,0.0,1.0,0.0,0.0,0.0,0.0,0.0,1.0,68.42,-0.08,3.72
0.0,62.0,0.0,0.0,0.0,81.0,0.0,0.0,0.0,0.0,0.0,0.0,0.0,12.0,0.0,1.0,0.0,0.0,0.0,0.0,0.0,1.0,68.2,-0.43,3.6
0.0,5.5,0.0,0.0,0.0,81.0,0.0,0.0,0.0,0.0,0.0,0.0,0.0,12.0,0.0,1.0,0.0,0.0,0.0,1.0,0.0,0.0,84.59,3.53,10.58
0.0,84.0,0.0,0.0,0.0,80.0,0.0,0.0,0.0,0.0,0.0,0.0,0.0,14.0,0.0,1.0,0.0,0.0,0.0,0.0,1.0,0.0,69.49,-0.67,1.34
0.0,16.0,0.0,0.0,0.0,80.0,0.0,0.0,0.0,0.0,0.0,0.0,0.0,14.0,0.0,1.0,0.0,0.0,0.0,0.0,1.0,0.0,79.4,2.12,8.43
0.0,5.0,0.0,0.0,0.0,80.0,0.0,0.0,0.0,0.0,0.0,0.0,0.0,14.0,0.0,1.0,0.0,0.0,0.0,0.0,0.0,1.0,81.33,4.8,13.53
0.0,12.0,0.0,0.0,0.0,80.0,0.0,0.0,0.0,0.0,0.0,17.0,0.0,0.0,0.0,1.0,0.0,0.0,0.0,1.0,0.0,0.0,83.37,1.96,8.11999999999999
0.0,14.0,0.0,0.0,0.0,79.0,0.0,0.0,0.0,0.0,0.0,6.0,0.0,0.0,0.0,1.0,0.0,0.0,1.0,0.0,0.0,0.0,84.78,0.39,8.91
0.0,14.0,0.0,0.0,0.0,76.0,0.0,0.0,0.0,0.0,0.0,0.0,0.0,10.0,0.0,1.0,0.0,0.0,0.0,0.0,1.0,0.0,79.93,1.66,8.98
4.0,0.0,0.0,0.0,0.0,76.0,0.0,0.0,7.0,0.0,0.0,0.0,0.0,0.0,0.0,1.0,0.0,0.0,0.0,0.0,1.0,0.0,88.81,3.05,17.89
0.0,96.0,0.0,0.0,0.0,75.0,0.0,0.0,0.0,0.0,0.0,0.0,0.0,18.0,0.0,1.0,0.0,0.0,0.0,0.0,0.0,1.0,64.27,-0.36,1.01
0.0,16.0,0.0,0.0,0.0,74.0,0.0,0.0,0.0,0.0,0.0,14.0,0.0,0.0,0.0,1.0,0.0,0.0,1.0,0.0,0.0,0.0,83.79,1.05,7.01
0.0,3.0,0.0,0.0,0.0,71.0,0.0,0.0,0.0,0.0,0.0,0.0,0.0,5.0,0.0,1.0,0.0,0.0,0.0,0.0,0.0,1.0,84.5,2.68,14.9
0.0,20.0,0.0,0.0,0.0,70.0,0.0,0.0,0.0,0.0,0.0,92.0,0.0,0.0,0.0,1.0,0.0,0.0,0.0,1.0,0.0,0.0,77.7,7.56,1.8
0.0,33.0,0.0,0.0,5.0,69.0,0.0,0.0,0.0,0.0,0.0,0.0,0.0,0.0,0.0,1.0,0.0,0.0,0.0,0.0,0.0,1.0,75.45,-2.36,5.95
0.0,14.0,0.0,0.0,0.0,69.0,0.0,0.0,0.0,0.0,0.0,0.0,0.0,6.0,0.0,1.0,0.0,0.0,0.0,0.0,0.0,1.0,79.88,0.82,10.1
7.5,0.0,0.0,0.0,0.0,69.0,0.0,0.0,0.0,13.0,0.0,100.0,0.0,0.0,0.0,1.0,0.0,0.0,0.0,1.0,0.0,0.0,80.29,13.89,3.03
0.0,4.0,0.0,0.0,0.0,68.0,0.0,0.0,0.0,0.0,0.0,0.0,0.0,35.0,0.0,1.0,0.0,0.0,0.0,1.0,0.0,0.0,81.48,7.82,9.1
0.0,106.0,0.0,0.0,0.0,68.0,0.0,0.0,0.0,0.0,0.0,74.0,0.0,0.0,0.0,1.0,0.0,0.0,1.0,0.0,0.0,0.0,70.74,1.45,-2.83
0.0,88.0,0.0,0.0,0.0,67.0,0.0,0.0,0.0,0.0,0.0,0.0,0.0,17.0,0.0,1.0,0.0,0.0,0.0,0.0,0.0,1.0,64.68,-0.28,1.13
0.0,86.0,0.0,0.0,0.0,67.0,0.0,0.0,0.0,0.0,0.0,0.0,0.0,14.3,0.0,1.0,0.0,0.0,0.0,0.0,0.0,1.0,64.8199999999997,-0.51,1.07
0.0,87.0,0.0,0.0,0.0,67.0,0.0,0.0,0.0,0.0,0.0,0.0,0.0,14.0,0.0,1.0,0.0,0.0,0.0,0.0,0.0,1.0,65.01,-0.52,1.07
0.0,12.0,0.0,0.0,0.0,67.0,0.0,0.0,92.0,0.0,0.0,0.0,0.0,0.0,0.0,1.0,0.0,0.0,0.0,1.0,0.0,0.0,82.18,3.84,9.74
0.0,37.0,0.0,0.0,0.0,65.0,0.0,0.0,0.0,0.0,0.0,0.0,0.0,105.0,0.0,1.0,0.0,0.0,0.0,0.0,1.0,0.0,68.92,8.22,4.54
0.0,80.0,0.0,0.0,0.0,65.0,0.0,0.0,0.0,0.0,0.0,0.0,0.0,8.0,0.0,1.0,0.0,0.0,1.0,0.0,0.0,0.0,74.91,-1.22,0.03
0.0,97.0,0.0,0.0,0.0,64.0,0.0,0.0,0.0,0.0,0.0,0.0,0.0,24.0,0.0,1.0,0.0,0.0,1.0,0.0,0.0,0.0,71.5,-0.17,-0.69
0.0,38.0,0.0,0.0,0.0,64.0,0.0,0.0,0.0,0.0,0.0,0.0,0.0,8.0,0.0,1.0,0.0,0.0,0.0,0.0,0.0,1.0,72.92,-0.33,4.73
0.0,8.0,0.0,0.0,0.0,64.0,0.0,0.0,0.0,0.0,0.0,2.0,0.0,0.0,0.0,1.0,0.0,0.0,0.0,0.0,0.0,1.0,83.87,0.25,12.39
0.0,45.5,0.0,0.0,0.0,63.0,0.0,0.0,0.0,0.0,0.0,0.0,12.0,0.0,0.0,1.0,0.0,0.0,1.0,0.0,0.0,0.0,79.01,-0.06,2.02
0.0,23.3,0.0,0.0,0.0,63.0,0.0,0.0,0.0,0.0,0.0,4.8,0.0,0.0,0.0,1.0,0.0,0.0,1.0,0.0,0.0,0.0,82.66,-0.87,4.3
6.0,0.0,0.0,0.0,20.0,61.0,0.0,0.0,0.0,0.0,0.0,0.0,0.0,0.0,0.0,1.0,0.0,0.0,0.0,0.0,1.0,0.0,86.19,-8.69,10.59
0.0,36.0,0.0,20.0,0.0,61.0,0.0,0.0,0.0,0.0,0.0,0.0,0.0,0.0,0.0,1.0,0.0,0.0,0.0,1.0,0.0,0.0,76.8,-5.41,-0.37
0.0,36.0,0.0,0.0,0.0,60.0,0.0,0.0,0.0,0.0,0.0,0.0,0.0,93.0,0.0,1.0,0.0,0.0,0.0,1.0,0.0,0.0,71.53,7.26,3.89
0.0,36.0,0.0,0.0,0.0,60.0,0.0,0.0,0.0,0.0,0.0,0.0,0.0,93.0,0.0,1.0,0.0,0.0,1.0,0.0,0.0,0.0,72.73,7.53,3.86
0.0,127.0,0.0,0.0,0.0,60.0,0.0,0.0,0.0,0.0,0.0,0.0,0.0,35.0,0.0,1.0,0.0,0.0,1.0,0.0,0.0,0.0,68.95,0.18,-1.77
0.0,4.4,0.0,0.0,0.0,60.0,0.0,0.0,0.0,0.0,0.0,0.0,0.0,8.0,0.0,1.0,0.0,0.0,0.0,0.0,0.0,1.0,83.37,3.15,12.2
8.0,0.0,0.0,0.0,0.0,60.0,0.0,0.0,0.0,8.0,0.0,114.0,0.0,0.0,0.0,1.0,0.0,0.0,0.0,1.0,0.0,0.0,79.3499999999999,15.79,2.27
0.0,0.0,0.0,60.0,0.0,60.0,0.0,0.0,0.0,0.0,0.0,3.0,0.0,0.0,0.0,1.0,0.0,0.0,0.0,0.0,0.0,1.0,76.95,-17.17,-2.34
0.0,91.0,0.0,0.0,0.0,59.0,0.0,0.0,0.0,0.0,0.0,0.0,0.0,22.0,0.0,1.0,0.0,0.0,1.0,0.0,0.0,0.0,72.28,-0.14,-0.89
0.0,4.0,0.0,0.0,0.0,59.0,0.0,0.0,0.0,0.0,0.0,0.0,0.0,4.0,0.0,1.0,0.0,0.0,0.0,1.0,0.0,0.0,87.06,1.63,10.58
0.0,16.0,0.0,5.0,62.0,58.0,0.0,0.0,0.0,0.0,0.0,0.0,0.0,0.0,0.0,1.0,0.0,0.0,0.0,0.0,1.0,0.0,77.42,-13.34,2.22
0.0,7.1,0.0,0.0,2.2,58.0,0.0,0.0,0.0,0.0,0.0,0.0,0.0,0.0,0.0,1.0,0.0,0.0,0.0,0.0,0.0,1.0,84.5699999999997,-0.97,12.08
0.0,0.0,0.0,0.0,5.0,57.0,0.0,0.0,0.0,0.0,0.0,0.0,3.0,0.0,0.0,1.0,0.0,0.0,0.0,0.0,1.0,0.0,89.2099999999998,-1.04,12.78
0.0,63.0,0.0,0.0,0.0,57.0,0.0,0.0,0.0,0.0,0.0,0.0,0.0,3.0,0.0,1.0,0.0,0.0,0.0,1.0,0.0,0.0,73.95,-1.44,0.65
0.0,21.7,0.0,0.0,3.3,56.0,0.0,0.0,0.0,0.0,0.0,0.0,0.0,0.0,0.0,1.0,0.0,0.0,0.0,0.0,0.0,1.0,78.87,-2.12,6.6
0.0,128.0,0.0,0.0,0.0,56.0,0.0,0.0,0.0,0.0,0.0,0.0,0.0,14.0,0.0,1.0,0.0,0.0,0.0,0.0,0.0,1.0,62.38,-0.66,-0.53
16.0,0.0,0.0,0.0,0.0,56.0,0.0,0.0,0.0,0.0,0.0,0.0,0.0,4.0,0.0,1.0,0.0,0.0,0.0,0.0,1.0,0.0,86.2099999999998,2.06,12.01
24.0,0.0,0.0,0.0,0.0,56.0,0.0,0.0,0.0,0.0,0.0,0.0,0.0,3.0,0.0,1.0,0.0,0.0,1.0,0.0,0.0,0.0,88.14,0.84,9.17
0.0,73.0,0.0,0.0,0.0,55.5,0.0,0.0,0.0,0.0,0.0,0.0,0.0,13.5,0.0,1.0,0.0,0.0,0.0,0.0,0.0,1.0,68.08,-0.21,1.72
0.0,32.0,0.0,0.0,0.0,55.0,0.0,0.0,0.0,0.0,0.0,0.0,0.0,21.0,0.0,1.0,0.0,0.0,1.0,0.0,0.0,0.0,79.79,1.78,3.64
0.0,16.0,0.0,0.0,8.0,54.0,0.0,0.0,0.0,16.0,0.0,0.0,0.0,0.0,0.0,1.0,0.0,0.0,1.0,0.0,0.0,0.0,83.03,-2.29,3.01
0.0,67.0,0.0,0.0,0.0,54.0,0.0,0.0,0.0,0.0,0.0,2.0,0.0,0.0,0.0,1.0,0.0,0.0,0.0,0.0,0.0,1.0,70.13,-1.49,1.71
0.0,212.0,0.0,0.0,0.0,53.0,0.0,0.0,0.0,0.0,0.0,0.0,0.0,25.0,0.0,1.0,0.0,0.0,1.0,0.0,0.0,0.0,64.08,-0.91,-4.39
0.0,135.0,0.0,0.0,0.0,53.0,0.0,0.0,0.0,0.0,0.0,0.0,0.0,12.0,0.0,1.0,0.0,0.0,0.0,1.0,0.0,0.0,66.64,-1.23,-3.03
0.0,14.0,0.0,0.0,0.0,53.0,0.0,0.0,0.0,0.0,0.0,0.0,0.0,2.0,0.0,1.0,0.0,0.0,0.0,0.0,1.0,0.0,82.89,-0.55,7.65
0.0,25.0,0.0,0.0,0.0,52.0,0.0,0.0,0.0,0.0,0.0,0.0,0.0,20.0,0.0,1.0,0.0,0.0,1.0,0.0,0.0,0.0,84.5,1.85,3.78
2.0,0.0,0.0,0.0,0.0,52.0,0.0,0.0,21.0,0.0,0.0,0.0,0.0,0.0,0.0,1.0,0.0,0.0,0.0,1.0,0.0,0.0,89.88,3.54,12.83
0.0,23.0,0.0,34.0,0.0,50.0,0.0,0.0,0.0,0.0,0.0,0.0,19.0,0.0,0.0,1.0,0.0,0.0,0.0,0.0,0.0,1.0,72.42,-5.72,-1.89
0.0,46.0,0.0,46.0,0.0,49.0,0.0,0.0,0.0,0.0,0.0,0.0,27.0,0.0,0.0,1.0,0.0,0.0,0.0,0.0,0.0,1.0,67.8,-5.23,-3.83
13.0,0.0,0.0,0.0,0.0,49.0,0.0,0.0,0.0,0.0,0.0,170.0,0.0,0.0,0.0,1.0,0.0,0.0,0.0,1.0,0.0,0.0,78.83,18.18,0.08
0.0,10.5,0.0,0.0,0.0,49.0,0.0,0.0,0.0,0.0,0.0,24.0,0.0,0.0,0.0,1.0,0.0,0.0,0.0,1.0,0.0,0.0,83.4599999999998,2.9,4.36
0.0,46.0,0.0,24.0,0.0,49.0,0.0,0.0,0.0,97.0,0.0,0.0,0.0,0.0,0.0,1.0,0.0,0.0,0.0,1.0,0.0,0.0,69.81,-2.13,-7.27
0.0,0.0,0.0,0.0,18.0,47.0,0.0,0.0,0.0,17.0,0.0,0.0,0.0,10.0,0.0,1.0,0.0,0.0,0.0,1.0,0.0,0.0,83.11,-2.9,3.69
0.0,0.0,0.0,0.0,20.0,46.0,0.0,0.0,0.0,20.0,0.0,0.0,0.0,8.0,0.0,1.0,0.0,0.0,0.0,1.0,0.0,0.0,82.9599999999998,-3.73,3.09
0.0,0.0,107.0,0.0,0.0,46.0,0.0,0.0,0.0,0.0,0.0,0.0,0.0,104.0,0.0,1.0,0.0,0.0,0.0,1.0,0.0,0.0,69.17,-1.62,-2.58
0.0,13.5,0.0,0.0,0.0,46.0,0.0,0.0,0.0,0.0,0.0,0.0,0.0,9.0,0.0,1.0,0.0,0.0,0.0,1.0,0.0,0.0,83.2099999999998,1.14,5.38
20.0,0.0,0.0,0.0,0.0,45.0,0.0,0.0,0.0,0.0,0.0,0.0,0.0,2.0,0.0,1.0,0.0,0.0,0.0,0.0,1.0,0.0,87.09,0.87,10.16
0.0,51.0,0.0,0.0,0.0,45.0,0.0,0.0,0.0,0.0,0.0,0.0,2.0,0.0,0.0,1.0,0.0,0.0,1.0,0.0,0.0,0.0,78.5,-1.49,-0.04
0.0,35.0,0.0,0.0,0.0,44.0,0.0,0.0,0.0,0.0,0.0,0.0,0.0,12.0,0.0,1.0,0.0,0.0,0.0,1.0,0.0,0.0,77.05,0.23,1.95
0.0,0.0,0.0,0.0,8.02999999999999,43.45,0.0,0.0,0.0,0.0,0.0,0.0,0.0,5.5,0.0,1.0,0.0,0.0,0.0,0.0,1.0,0.0,87.3199999999997,-1.74,10.12
0.0,83.0,0.0,0.0,0.0,43.0,0.0,0.0,0.0,0.0,78.0,0.0,10.0,0.0,0.0,1.0,0.0,0.0,0.0,0.0,0.0,1.0,63.35,1.22,-4.16
0.0,53.0,0.0,0.0,0.0,43.0,0.0,0.0,0.0,0.0,62.0,0.0,9.0,0.0,0.0,1.0,0.0,0.0,0.0,0.0,0.0,1.0,67.77,1.61,-3.11
0.0,4.0,0.0,0.0,0.0,42.0,0.0,0.0,0.0,0.0,0.0,0.0,0.0,4.0,0.0,1.0,0.0,0.0,1.0,0.0,0.0,0.0,89.55,1.54,8.44999999999999
0.0,11.0,0.0,0.0,0.0,41.5,0.0,0.0,0.0,0.0,0.0,8.0,0.0,0.0,0.0,1.0,0.0,0.0,0.0,1.0,0.0,0.0,85.14,0.38,4.86
0.0,45.0,0.0,20.35,0.0,40.7,0.0,0.0,0.0,94.5999999999999,0.0,0.0,0.0,0.0,0.0,1.0,0.0,0.0,0.0,0.0,0.0,1.0,66.11,-1.97,-6.72
0.0,5.28,0.0,20.35,0.0,40.7,0.0,0.0,0.0,94.5999999999999,0.0,0.0,0.0,0.0,0.0,1.0,0.0,0.0,0.0,0.0,0.0,1.0,72.06,-1.92,-7.48
0.0,82.0,0.0,0.0,0.0,40.0,0.0,0.0,0.0,0.0,0.0,0.0,0.0,27.0,0.0,1.0,0.0,0.0,0.0,0.0,1.0,0.0,68.58,0.58,-0.79
0.0,74.0,0.0,0.0,0.0,40.0,0.0,0.0,0.0,0.0,0.0,0.0,0.0,20.0,0.0,1.0,0.0,0.0,0.0,0.0,0.0,1.0,67.72,0.51,0.88
0.0,21.45,0.0,0.0,0.0,39.6,0.0,0.0,0.0,0.0,0.0,0.0,0.0,22.0,0.0,1.0,0.0,0.0,0.0,0.0,1.0,0.0,76.9599999999998,2.86,3.65
0.0,15.0,0.0,0.0,0.0,39.0,0.0,0.0,0.0,0.0,0.0,0.0,0.0,40.0,0.0,1.0,0.0,0.0,0.0,0.0,1.0,0.0,76.05,6.29,4.83
0.0,11.0,0.0,0.0,0.0,39.0,0.0,0.0,0.0,0.0,0.0,0.0,2.0,0.0,0.0,1.0,0.0,0.0,0.0,1.0,0.0,0.0,85.87,-0.32,5.28
0.0,67.0,0.0,0.0,0.0,39.0,0.0,0.0,0.0,0.0,0.0,56.0,0.0,0.0,0.0,1.0,0.0,0.0,1.0,0.0,0.0,0.0,74.98,1.85,-3.04
0.0,5.0,0.0,0.0,0.0,38.0,0.0,0.0,0.0,0.0,0.0,6.0,0.0,0.0,0.0,1.0,0.0,0.0,0.0,1.0,0.0,0.0,87.83,0.86,7.05
18.0,0.0,0.0,0.0,33.0,37.0,0.0,0.0,0.0,31.0,0.0,0.0,0.0,0.0,0.0,1.0,0.0,0.0,0.0,1.0,0.0,0.0,80.86,-7.32,-0.94
0.0,32.0,0.0,0.0,6.0,37.0,0.0,0.0,0.0,0.0,0.0,0.0,0.0,0.0,0.0,1.0,0.0,0.0,0.0,0.0,0.0,1.0,75.42,-2.76,2.27
0.0,6.0,0.0,0.0,0.0,37.0,0.0,0.0,7.0,0.0,0.0,0.0,0.0,0.0,0.0,1.0,0.0,0.0,0.0,0.0,0.0,1.0,86.02,0.41,10.18
0.0,32.0,0.0,0.0,0.0,36.0,0.0,0.0,0.0,0.0,0.0,0.0,0.0,7.0,0.0,1.0,0.0,0.0,0.0,0.0,1.0,0.0,76.75,-0.42,1.6
0.0,20.0,0.0,0.0,0.0,36.0,0.0,0.0,0.0,0.0,0.0,0.0,0.0,5.5,0.0,1.0,0.0,0.0,0.0,0.0,1.0,0.0,80.61,-0.11,3.71
3.0,0.0,0.0,0.0,0.0,36.0,0.0,0.0,0.0,0.0,0.0,19.0,0.0,0.0,0.0,1.0,0.0,0.0,0.0,0.0,1.0,0.0,87.27,6.98,8.23
0.0,0.0,110.0,0.0,0.0,35.0,0.0,0.0,0.0,0.0,0.0,0.0,0.0,81.0,0.0,1.0,0.0,0.0,0.0,1.0,0.0,0.0,70.7099999999998,-3.57,-4.12
0.0,8.0,0.0,0.0,7.0,34.0,0.0,0.0,0.0,0.0,0.0,0.0,0.0,0.0,0.0,1.0,0.0,0.0,0.0,0.0,1.0,0.0,86.01,-3.74,5.47
0.0,27.5,0.0,0.0,0.0,33.0,0.0,0.0,0.0,0.0,0.0,0.0,0.0,9.0,0.0,1.0,0.0,0.0,1.0,0.0,0.0,0.0,81.73,0.23,1.83
0.0,125.0,0.0,0.0,0.0,33.0,0.0,0.0,0.0,0.0,0.0,0.0,0.0,5.0,0.0,1.0,0.0,0.0,0.0,0.0,0.0,1.0,63.21,-1.14,-1.84
0.0,8.0,0.0,0.0,3.0,32.0,0.0,0.0,0.0,0.0,0.0,0.0,0.0,0.0,0.0,1.0,0.0,0.0,1.0,0.0,0.0,0.0,87.74,-2.26,5.27
12.0,0.0,0.0,0.0,0.0,32.0,0.0,0.0,0.0,0.0,0.0,134.0,0.0,0.0,0.0,1.0,0.0,0.0,0.0,1.0,0.0,0.0,80.23,16.88,-0.7
0.0,0.0,0.0,0.0,0.0,31.0,0.0,0.0,279.0,0.0,0.0,0.0,0.0,42.0,0.0,1.0,0.0,0.0,0.0,1.0,0.0,0.0,77.7099999999998,17.27,12.5
2.0,0.0,0.0,0.0,0.0,31.0,0.0,0.0,0.0,4.0,0.0,0.0,5.0,0.0,0.0,1.0,0.0,0.0,1.0,0.0,0.0,0.0,89.95,3.41,7.09
0.0,49.0,0.0,0.0,0.0,30.0,0.0,0.0,0.0,0.0,0.0,0.0,0.0,6.0,0.0,1.0,0.0,0.0,0.0,0.0,1.0,0.0,74.18,-0.92,-0.07
5.0,0.0,0.0,32.0,0.0,30.0,0.0,0.0,0.0,0.0,0.0,0.0,0.0,0.0,0.0,1.0,0.0,0.0,0.0,0.0,1.0,0.0,83.54,-12.37,-2.82
0.0,0.0,0.0,0.0,0.0,29.0,0.0,0.0,143.0,0.0,0.0,0.0,0.0,46.0,0.0,1.0,0.0,0.0,0.0,1.0,0.0,0.0,79.27,14.83,10.07
0.0,64.0,0.0,0.0,0.0,29.0,0.0,0.0,0.0,0.0,0.0,0.0,0.0,6.0,0.0,1.0,0.0,0.0,0.0,0.0,0.0,1.0,70.25,-0.74,0.13
0.0,2.7,0.0,0.0,0.0,29.0,0.0,0.0,0.0,0.0,0.0,0.0,0.0,3.8,0.0,1.0,0.0,0.0,0.0,0.0,1.0,0.0,89.03,1.69,8.10999999999999
0.0,18.0,0.0,0.0,0.0,29.0,0.0,0.0,0.0,0.0,54.0,0.0,0.0,0.0,0.0,1.0,0.0,0.0,0.0,1.0,0.0,0.0,79.45,1.05,-3.35
0.0,8.0,0.0,0.0,0.0,28.0,0.0,0.0,0.0,0.0,0.0,0.0,0.0,3.0,0.0,1.0,0.0,0.0,0.0,0.0,0.0,1.0,84.16,0.33,6.77
0.0,45.0,0.0,0.0,3.0,27.0,0.0,0.0,0.0,0.0,0.0,0.0,0.0,0.0,0.0,1.0,0.0,0.0,0.0,0.0,0.0,1.0,73.22,-1.96,0.22
0.0,0.0,103.0,0.0,0.0,27.0,0.0,0.0,0.0,0.0,0.0,0.0,0.0,69.0,0.0,1.0,0.0,0.0,0.0,1.0,0.0,0.0,70.43,-6.78,-7.02
10.0,0.0,0.0,0.0,0.0,27.0,0.0,0.0,49.0,0.0,0.0,0.0,0.0,0.0,0.0,1.0,0.0,0.0,0.0,1.0,0.0,0.0,87.65,4.86,9.51
12.0,0.0,0.0,0.0,0.0,26.0,0.0,0.0,0.0,0.0,0.0,9.0,0.0,0.0,0.0,1.0,0.0,0.0,0.0,0.0,0.0,1.0,87.38,2.9,7.72
0.0,7.0,0.0,0.0,0.0,26.0,0.0,0.0,0.0,0.0,0.0,0.0,0.0,0.0,0.0,1.0,0.0,0.0,0.0,1.0,0.0,0.0,87.45,-1.02,5.11
0.0,15.0,0.0,0.0,7.0,25.0,0.0,0.0,0.0,19.5,0.0,0.0,0.0,0.0,0.0,1.0,0.0,0.0,1.0,0.0,0.0,0.0,83.5,-1.85,-1.08
0.0,15.0,0.0,0.0,7.0,25.0,0.0,0.0,0.0,19.5,0.0,0.0,0.0,0.0,0.0,1.0,0.0,0.0,1.0,0.0,0.0,0.0,83.4599999999998,-2.01,-0.93
11.0,0.0,0.0,0.0,0.0,25.0,0.0,0.0,0.0,0.0,0.0,0.0,0.0,9.0,0.0,1.0,0.0,0.0,1.0,0.0,0.0,0.0,88.92,3.49,5.83
3.0,0.0,0.0,0.0,0.0,25.0,0.0,0.0,115.0,0.0,0.0,0.0,0.0,0.0,0.0,1.0,0.0,0.0,0.0,0.0,1.0,0.0,85.05,11.33,13.24
0.0,36.5,0.0,0.0,0.0,24.7,0.0,0.0,0.0,0.0,0.0,0.0,0.0,7.8,0.0,1.0,0.0,0.0,0.0,0.0,0.0,1.0,73.99,-0.14,1.06
3.0,0.0,0.0,0.0,46.0,24.0,0.0,0.0,0.0,0.0,0.0,0.0,0.0,0.0,0.0,1.0,0.0,0.0,0.0,1.0,0.0,0.0,86.3,-16.09,2.33
0.0,68.0,0.0,46.0,0.0,24.0,0.0,0.0,0.0,0.0,0.0,0.0,42.0,0.0,0.0,1.0,0.0,0.0,0.0,1.0,0.0,0.0,68.14,-2.77,-7.15
0.0,146.0,0.0,0.0,73.0,23.0,0.0,0.0,0.0,0.0,0.0,0.0,0.0,0.0,0.0,1.0,0.0,0.0,0.0,1.0,0.0,0.0,66.34,-4.93,-4.96
0.0,39.0,0.0,0.0,0.0,23.0,0.0,0.0,0.0,0.0,0.0,0.0,0.0,8.0,0.0,1.0,0.0,0.0,0.0,0.0,0.0,1.0,73.29,-0.16,0.6
0.0,90.0,0.0,0.0,0.0,23.0,0.0,0.0,0.0,0.0,0.0,0.0,0.0,6.0,0.0,1.0,0.0,0.0,0.0,0.0,0.0,1.0,67.18,-0.82,-1.26
12.5,0.0,0.0,0.0,0.0,22.8,0.0,0.0,11.0,0.0,0.0,0.0,0.0,0.0,0.0,1.0,0.0,0.0,0.0,0.0,1.0,0.0,88.98,1.19,8.21
0.0,0.0,0.0,63.0,0.0,21.0,0.0,0.0,0.0,0.0,0.0,0.0,0.0,59.0,0.0,1.0,0.0,0.0,0.0,0.0,1.0,0.0,71.8,-3.97,-4.54
0.0,45.0,0.0,0.0,0.0,21.0,0.0,0.0,0.0,0.0,0.0,0.0,0.0,5.0,0.0,1.0,0.0,0.0,0.0,0.0,0.0,1.0,73.74,-0.7,0.24
23.0,0.0,0.0,0.0,2.0,20.0,0.0,0.0,0.0,0.0,0.0,0.0,0.0,0.0,0.0,1.0,0.0,0.0,0.0,0.0,0.0,1.0,87.43,-1.72,6.25
21.0,0.0,0.0,0.0,0.0,20.0,0.0,0.0,0.0,7.0,0.0,75.0,0.0,0.0,0.0,1.0,0.0,0.0,0.0,1.0,0.0,0.0,81.89,11.21,-2.22
0.0,15.0,0.0,0.0,0.0,20.0,0.0,0.0,0.0,0.0,0.0,7.0,0.0,0.0,0.0,1.0,0.0,0.0,1.0,0.0,0.0,0.0,86.24,-0.13,0.71
0.0,7.5,0.0,0.0,0.0,20.0,0.0,0.0,0.0,0.0,0.0,2.0,0.0,0.0,0.0,1.0,0.0,0.0,0.0,1.0,0.0,0.0,88.12,-0.41,3.62
0.0,7.0,0.0,0.0,73.0,19.0,0.0,0.0,0.0,0.0,0.0,0.0,0.0,0.0,0.0,1.0,0.0,0.0,1.0,0.0,0.0,0.0,84.09,-16.87,-0.38
3.0,0.0,0.0,0.0,0.0,18.0,0.0,0.0,30.0,0.0,0.0,0.0,0.0,0.0,0.0,1.0,0.0,0.0,0.0,1.0,0.0,0.0,90.53,4.04,8.35
0.0,24.5,0.0,18.5,0.0,18.0,0.0,0.0,0.0,0.0,0.0,0.0,0.0,0.0,0.0,1.0,0.0,0.0,0.0,1.0,0.0,0.0,79.88,-5.64,-3.97
0.0,3.5,0.0,0.0,4.0,17.0,0.0,0.0,0.0,0.0,0.0,0.0,0.0,0.0,0.0,1.0,0.0,0.0,1.0,0.0,0.0,0.0,90.95,-3.01,4.31
0.0,104.0,0.0,0.0,0.0,17.0,0.0,0.0,0.0,0.0,0.0,0.0,0.0,8.0,0.0,1.0,0.0,0.0,0.0,0.0,1.0,0.0,66.08,-1.1,-3.99
0.0,5.0,0.0,0.0,0.0,17.0,0.0,0.0,0.0,0.0,0.0,0.0,0.0,2.5,0.0,1.0,0.0,0.0,1.0,0.0,0.0,0.0,90.36,0.35,4.04
0.0,0.0,0.0,40.0,0.0,17.0,0.0,0.0,0.0,0.0,28.0,0.0,0.0,0.0,0.0,1.0,0.0,0.0,1.0,0.0,0.0,0.0,82.5,-10.22,-11.3
0.0,57.0,0.0,0.0,0.0,17.0,0.0,0.0,0.0,12.0,0.0,0.0,0.0,0.0,0.0,1.0,0.0,0.0,1.0,0.0,0.0,0.0,76.47,-1.32,-3.94
6.0,0.0,0.0,0.0,0.0,17.0,0.0,0.0,3.0,0.0,0.0,0.0,0.0,0.0,0.0,1.0,0.0,0.0,0.0,0.0,1.0,0.0,91.67,0.32,7.65
0.0,11.0,0.0,0.0,60.0,16.0,0.0,0.0,0.0,0.0,0.0,0.0,0.0,0.0,0.0,1.0,0.0,0.0,0.0,0.0,0.0,1.0,79.74,-14.69,0.14
0.0,0.0,0.0,0.0,5.0,16.0,0.0,0.0,15.0,0.0,0.0,0.0,0.0,0.0,0.0,1.0,0.0,0.0,0.0,0.0,0.0,1.0,88.25,-3.83,5.62
10.9,0.0,0.0,0.0,0.0,16.0,0.0,0.0,0.0,0.0,0.0,0.0,0.0,1.4,0.0,1.0,0.0,0.0,0.0,1.0,0.0,0.0,90.4,0.08,5.37
0.0,21.0,0.0,0.0,0.0,16.0,0.0,0.0,0.0,0.0,0.0,0.0,14.0,0.0,0.0,1.0,0.0,0.0,0.0,0.0,0.0,1.0,76.8,2.47,0.08
4.0,0.0,0.0,0.0,0.0,16.0,0.0,0.0,0.0,0.0,240.0,0.0,0.0,0.0,0.0,1.0,0.0,0.0,0.0,0.0,1.0,0.0,71.9599999999998,8.3,-18.46
0.0,23.34,0.0,0.0,0.0,15.46,0.0,0.0,5.31,0.0,0.0,0.0,0.0,0.0,0.0,1.0,0.0,0.0,0.0,0.0,1.0,0.0,80.8,-1.14,0.43
0.0,36.5,0.0,0.0,74.0,15.0,0.0,0.0,0.0,0.0,0.0,0.0,0.0,0.0,0.0,1.0,0.0,0.0,0.0,0.0,0.0,1.0,71.93,-10.84,-2.01
0.0,16.0,0.0,0.0,0.0,15.0,0.0,0.0,0.0,0.0,0.0,2.0,0.0,0.0,0.0,1.0,0.0,0.0,1.0,0.0,0.0,0.0,86.58,-1.0,0.75
0.0,3.5,5.5,0.0,0.0,14.3,0.0,0.0,0.0,0.0,20.0,0.0,0.0,0.0,0.0,1.0,0.0,0.0,0.0,0.0,0.0,1.0,84.14,-1.16,-1.59
0.0,67.0,0.0,0.0,0.0,14.0,0.0,0.0,0.0,0.0,0.0,0.0,0.0,9.0,0.0,1.0,0.0,0.0,1.0,0.0,0.0,0.0,75.93,-0.72,-3.46
0.0,23.0,0.0,0.0,0.0,14.0,0.0,0.0,0.0,0.0,0.0,0.0,0.0,6.0,0.0,1.0,0.0,0.0,0.0,1.0,0.0,0.0,81.69,-0.16,-0.35
0.0,0.0,0.0,0.0,0.0,14.0,0.0,0.0,0.0,0.0,132.0,65.0,0.0,0.0,0.0,1.0,0.0,0.0,1.0,0.0,0.0,0.0,77.51,9.97,-12.89
0.0,0.0,0.0,22.0,0.0,14.0,0.0,0.0,0.0,30.0,0.0,0.0,0.0,0.0,0.0,1.0,0.0,0.0,0.0,0.0,0.0,1.0,80.05,-7.68,-8.81
10.0,0.0,0.0,0.0,0.0,13.0,0.0,0.0,0.0,0.0,0.0,18.0,0.0,18.0,0.0,1.0,0.0,0.0,0.0,1.0,0.0,0.0,84.53,8.52,2.71
0.0,41.0,0.0,0.0,0.0,13.0,0.0,0.0,0.0,0.0,0.0,0.0,0.0,2.0,0.0,1.0,0.0,0.0,0.0,0.0,0.0,1.0,74.95,-1.09,-0.86
0.0,3.0,0.0,0.0,0.0,13.0,0.0,0.0,0.0,4.0,0.0,0.0,97.0,0.0,0.0,1.0,0.0,0.0,0.0,0.0,1.0,0.0,76.2099999999998,19.36,0.1
0.0,6.0,6.0,0.0,0.0,13.0,0.0,0.0,0.0,0.0,15.0,0.0,0.0,0.0,0.0,1.0,0.0,0.0,0.0,0.0,0.0,1.0,83.39,-1.9,-2.06
0.0,25.0,0.0,0.0,0.0,13.0,0.0,0.0,8.4,0.0,0.0,0.0,0.0,0.0,0.0,1.0,0.0,0.0,0.0,1.0,0.0,0.0,81.97,-0.95,-0.62
4.2,0.0,0.0,0.0,0.0,12.6,0.0,0.0,2.1,0.0,0.0,0.0,0.0,0.0,0.0,1.0,0.0,0.0,0.0,0.0,0.0,1.0,91.68,0.24,8.11999999999999
0.0,61.0,0.0,0.0,0.0,12.0,0.0,0.0,0.0,0.0,0.0,0.0,0.0,13.0,0.0,1.0,0.0,0.0,0.0,0.0,1.0,0.0,72.3199999999997,-0.1,-2.68
0.0,19.0,0.0,0.0,0.0,12.0,0.0,0.0,0.0,0.0,0.0,0.0,0.0,5.0,0.0,1.0,0.0,0.0,0.0,0.0,1.0,0.0,81.33,0.01,0.48
16.0,0.0,0.0,0.0,0.0,12.0,0.0,0.0,0.0,0.0,0.0,0.0,18.0,0.0,0.0,1.0,0.0,0.0,0.0,0.0,1.0,0.0,84.59,7.58,1.34
25.0,0.0,0.0,0.0,0.0,12.0,0.0,0.0,0.0,0.0,0.0,20.0,0.0,0.0,0.0,1.0,0.0,0.0,1.0,0.0,0.0,0.0,87.89,3.65,-0.16
0.0,66.0,0.0,0.0,0.0,12.0,0.0,0.0,0.0,0.0,0.0,5.0,0.0,0.0,0.0,1.0,0.0,0.0,0.0,0.0,1.0,0.0,73.44,-1.25,-3.5
0.0,112.0,0.0,0.0,34.0,11.0,0.0,0.0,0.0,0.0,0.0,0.0,0.0,0.0,0.0,1.0,0.0,0.0,0.0,1.0,0.0,0.0,68.49,-3.8,-4.94
5.0,0.0,0.0,0.0,9.0,11.0,0.0,0.0,0.0,0.0,0.0,0.0,0.0,0.0,0.0,1.0,0.0,0.0,1.0,0.0,0.0,0.0,91.7099999999998,-6.21,2.78
0.0,9.52,0.0,0.0,0.0,10.98,0.0,0.0,0.0,0.0,0.0,4.17,0.0,0.0,0.0,1.0,0.0,0.0,0.0,0.0,0.0,1.0,84.23,0.09,1.8
0.0,36.0,0.0,0.0,0.0,10.0,0.0,0.0,0.0,0.0,0.0,0.0,0.0,57.0,0.0,1.0,0.0,0.0,0.0,1.0,0.0,0.0,74.56,5.03,0.25
0.0,5.0,0.0,4.0,0.0,10.0,0.0,0.0,0.0,0.0,0.0,0.0,3.0,0.0,0.0,1.0,0.0,0.0,0.0,0.0,0.0,1.0,85.44,-2.13,0.63
9.0,0.0,0.0,0.0,0.0,10.0,0.0,0.0,2.0,0.0,0.0,0.0,0.0,0.0,0.0,1.0,0.0,0.0,1.0,0.0,0.0,0.0,93.09,-0.3,4.08
0.0,7.0,0.0,0.0,113.0,9.0,0.0,0.0,0.0,0.0,0.0,0.0,0.0,0.0,0.0,1.0,0.0,0.0,0.0,0.0,0.0,1.0,78.79,-21.57,-1.05
0.0,3.0,0.0,0.0,0.0,9.0,0.0,0.0,0.0,0.0,0.0,0.0,0.0,11.0,0.0,1.0,0.0,0.0,0.0,0.0,1.0,0.0,87.08,4.78,3.9
0.0,0.0,0.0,8.0,0.0,9.0,0.0,0.0,0.0,0.0,0.0,0.0,4.0,0.0,0.0,1.0,0.0,0.0,0.0,0.0,0.0,1.0,87.4599999999998,-5.31,-1.08
0.0,124.0,0.0,13.0,0.0,9.0,0.0,0.0,0.0,0.0,0.0,8.0,0.0,0.0,0.0,1.0,0.0,0.0,0.0,0.0,0.0,1.0,63.19,-2.22,-4.53
0.0,9.5,0.0,0.0,0.0,9.0,0.0,0.0,0.0,0.0,0.0,2.0,0.0,0.0,0.0,1.0,0.0,0.0,0.0,0.0,0.0,1.0,85.31,-0.44,1.67
0.0,4.0,0.0,0.0,0.0,8.0,0.0,0.0,0.0,0.0,0.0,0.0,0.0,10.0,0.0,1.0,0.0,0.0,0.0,1.0,0.0,0.0,87.7099999999998,3.51,2.67
0.0,4.0,0.0,0.0,0.0,8.0,0.0,0.0,0.0,0.0,0.0,0.0,0.0,10.0,0.0,1.0,0.0,0.0,1.0,0.0,0.0,0.0,88.65,3.52,2.51
3.0,0.0,0.0,0.0,0.0,8.0,0.0,0.0,25.0,0.0,0.0,0.0,0.0,0.0,0.0,1.0,0.0,0.0,0.0,0.0,0.0,1.0,90.13,4.3,8.52999999999999
7.0,0.0,0.0,0.0,0.0,8.0,0.0,0.0,5.0,0.0,0.0,0.0,0.0,0.0,0.0,1.0,0.0,0.0,0.0,1.0,0.0,0.0,92.25,0.22,4.02
0.0,0.0,8.5,0.0,0.0,7.5,0.0,0.0,0.0,0.0,0.0,0.0,0.0,8.8,0.0,1.0,0.0,0.0,0.0,1.0,0.0,0.0,87.94,-0.62,0.52
0.0,11.0,0.0,0.0,0.0,7.5,0.0,0.0,0.0,0.0,0.0,0.0,2.0,0.0,0.0,1.0,0.0,0.0,1.0,0.0,0.0,0.0,87.51,-0.32,-0.58
11.0,0.0,0.0,0.0,3.0,7.0,0.0,0.0,0.0,0.0,0.0,0.0,0.0,0.0,0.0,1.0,0.0,0.0,1.0,0.0,0.0,0.0,92.08,-2.69,2.06
0.0,4.0,0.0,0.0,2.0,7.0,0.0,0.0,0.0,0.0,0.0,0.0,0.0,0.0,0.0,1.0,0.0,0.0,0.0,1.0,0.0,0.0,90.53,-2.06,1.63
0.0,4.0,0.0,0.0,0.0,7.0,0.0,0.0,0.0,0.0,0.0,0.0,33.0,0.0,0.0,1.0,0.0,0.0,0.0,0.0,1.0,0.0,81.62,11.25,-0.61
0.0,124.0,0.0,15.0,0.0,7.0,0.0,0.0,0.0,0.0,0.0,0.0,0.0,0.0,0.0,1.0,0.0,0.0,0.0,0.0,0.0,1.0,63.41,-2.74,-4.59
0.0,5.31,0.0,0.0,0.98,6.25,0.0,0.0,0.0,0.0,0.0,0.0,0.0,0.0,0.0,1.0,0.0,0.0,0.0,0.0,0.0,1.0,88.26,-1.32,2.31
0.0,0.0,0.0,0.0,160.0,6.0,0.0,0.0,0.0,0.0,0.0,26.0,0.0,0.0,0.0,1.0,0.0,0.0,0.0,1.0,0.0,0.0,79.31,-22.34,-4.22
0.0,39.0,0.0,0.0,0.0,6.0,0.0,0.0,0.0,0.0,0.0,0.0,0.0,24.0,0.0,1.0,0.0,0.0,0.0,0.0,0.0,1.0,72.95,2.43,0.25
0.0,0.0,0.0,12.0,0.0,6.0,0.0,0.0,0.0,0.0,0.0,0.0,0.0,15.0,0.0,1.0,0.0,0.0,0.0,0.0,0.0,1.0,82.24,-2.05,-0.81
0.0,0.0,0.0,0.0,0.0,6.0,0.0,0.0,0.0,0.0,10.0,8.0,0.0,0.0,0.0,1.0,0.0,0.0,0.0,1.0,0.0,0.0,90.31,3.83,-1.33
0.0,0.0,0.0,3.0,0.0,6.0,0.0,0.0,0.0,0.0,0.0,7.0,0.0,0.0,0.0,1.0,0.0,0.0,0.0,0.0,0.0,1.0,90.0,-1.08,0.11
15.0,0.0,0.0,0.0,9.0,5.0,0.0,0.0,0.0,6.0,0.0,0.0,0.0,0.0,0.0,1.0,0.0,0.0,0.0,0.0,0.0,1.0,86.8,-4.74,-0.7
0.0,31.0,0.0,0.0,0.0,5.0,0.0,0.0,0.0,0.0,0.0,0.0,0.0,41.0,0.0,1.0,0.0,0.0,0.0,1.0,0.0,0.0,76.4,4.19,-0.3
0.0,15.0,0.0,0.0,0.0,5.0,0.0,0.0,0.0,0.0,0.0,0.0,2.0,0.0,0.0,1.0,0.0,0.0,1.0,0.0,0.0,0.0,86.09,-0.44,-1.66
9.0,0.0,0.0,0.0,0.0,5.0,0.0,0.0,2.0,0.0,0.0,0.0,0.0,0.0,0.0,1.0,0.0,0.0,1.0,0.0,0.0,0.0,92.56,0.06,2.5
7.0,0.0,0.0,0.0,0.0,5.0,0.0,0.0,2.0,0.0,0.0,0.0,0.0,0.0,0.0,1.0,0.0,0.0,1.0,0.0,0.0,0.0,93.36,-0.39,2.46
0.0,57.0,0.0,0.0,0.0,4.0,0.0,0.0,0.0,0.0,0.0,2.0,0.0,0.0,0.0,1.0,0.0,0.0,0.0,0.0,0.0,1.0,72.39,-1.09,-2.73
0.0,31.0,0.0,0.0,0.0,4.0,0.0,0.0,4.0,0.0,0.0,0.0,0.0,0.0,0.0,1.0,0.0,0.0,0.0,1.0,0.0,0.0,80.0699999999997,-1.19,-2.83
0.0,6.0,0.0,5.0,0.0,4.0,0.0,0.0,0.0,0.0,0.0,0.0,0.0,0.0,0.0,1.0,0.0,0.0,0.0,0.0,1.0,0.0,87.34,-3.52,-1.18
0.0,7.5,0.0,0.0,0.0,3.5,0.0,0.0,2.5,0.0,0.0,0.0,0.0,0.0,0.0,1.0,0.0,0.0,1.0,0.0,0.0,0.0,89.79,-0.84,-0.38
0.0,0.0,9.6,0.0,0.0,3.2,0.0,0.0,0.0,0.0,0.0,6.0,0.0,0.0,0.0,1.0,0.0,0.0,1.0,0.0,0.0,0.0,91.41,-3.67,-3.97
13.0,0.0,0.0,0.0,0.0,3.0,0.0,0.0,0.0,0.0,0.0,74.0,0.0,0.0,0.0,1.0,0.0,0.0,0.0,0.0,1.0,0.0,82.83,14.25,-4.67
0.0,0.0,0.0,4.0,0.0,3.0,0.0,0.0,0.0,0.0,48.0,0.0,0.0,0.0,0.0,1.0,0.0,0.0,0.0,0.0,1.0,0.0,83.8,2.72,-11.68
5.0,0.0,0.0,0.0,0.0,3.0,0.0,0.0,109.0,0.0,0.0,0.0,0.0,0.0,0.0,1.0,0.0,0.0,0.0,1.0,0.0,0.0,86.53,9.67,8.47
0.0,0.0,0.0,0.0,2.0,2.0,0.0,0.0,0.0,0.0,0.0,2.0,0.0,0.0,0.0,1.0,0.0,0.0,1.0,0.0,0.0,0.0,94.99,-1.13,1.06
0.0,5.0,0.0,0.0,0.0,2.0,0.0,0.0,0.0,0.0,0.0,6.0,0.0,0.0,0.0,1.0,0.0,0.0,0.0,1.0,0.0,0.0,89.11,1.03,-1.14
0.0,0.0,2.0,0.0,0.0,2.0,0.0,0.0,0.0,0.0,0.0,2.0,0.0,0.0,0.0,1.0,0.0,0.0,0.0,1.0,0.0,0.0,93.5,-1.23,-0.07
2.0,0.0,0.0,0.0,0.0,2.0,0.0,0.0,26.0,0.0,0.0,0.0,0.0,0.0,0.0,1.0,0.0,0.0,0.0,1.0,0.0,0.0,91.73,3.5,4.41
0.0,8.0,0.0,0.0,0.0,2.0,0.0,0.0,3.0,0.0,0.0,0.0,0.0,0.0,0.0,1.0,0.0,0.0,1.0,0.0,0.0,0.0,89.73,-0.76,-0.95
0.0,26.0,0.0,0.0,0.0,2.0,0.0,0.0,0.0,0.0,0.0,0.0,0.0,0.0,0.0,1.0,0.0,0.0,0.0,0.0,0.0,1.0,79.15,-1.01,-1.78
0.0,40.0,0.0,0.0,0.0,1.8,0.0,0.0,0.0,1.6,0.0,0.0,0.0,0.0,0.0,1.0,0.0,0.0,1.0,0.0,0.0,0.0,80.58,-1.38,-4.13
0.0,10.0,0.0,0.0,204.0,0.0,0.0,0.0,0.0,33.0,0.0,27.0,0.0,0.0,0.0,1.0,0.0,0.0,0.0,1.0,0.0,0.0,74.92,-18.36,-7.01
2.0,0.0,0.0,100.0,160.0,0.0,0.0,0.0,0.0,0.0,0.0,0.0,0.0,0.0,0.0,1.0,0.0,0.0,0.0,1.0,0.0,0.0,76.58,-26.13,-10.88
0.0,0.0,0.0,60.0,150.0,0.0,0.0,0.0,0.0,0.0,40.0,0.0,0.0,0.0,0.0,1.0,0.0,0.0,0.0,0.0,1.0,0.0,73.41,-23.84,-12.49
0.0,0.0,0.0,29.0,125.0,0.0,0.0,0.0,0.0,0.0,0.0,0.0,0.0,0.0,0.0,1.0,0.0,0.0,0.0,0.0,1.0,0.0,79.76,-28.34,-6.23
0.0,26.0,0.0,0.0,124.0,0.0,0.0,0.0,0.0,0.0,0.0,0.0,0.0,96.0,0.0,1.0,0.0,0.0,0.0,1.0,0.0,0.0,68.84,-3.51,-1.95
0.0,0.0,0.0,0.0,124.0,0.0,0.0,0.0,0.0,20.0,0.0,31.0,0.0,0.0,0.0,1.0,0.0,0.0,1.0,0.0,0.0,0.0,80.06,-15.49,-7.54
7.0,0.0,0.0,60.0,109.0,0.0,0.0,0.0,0.0,0.0,0.0,0.0,0.0,0.0,0.0,1.0,0.0,0.0,0.0,1.0,0.0,0.0,79.58,-22.85,-9.09
10.0,0.0,0.0,12.0,100.0,0.0,0.0,0.0,0.0,0.0,0.0,0.0,0.0,0.0,0.0,1.0,0.0,0.0,0.0,0.0,1.0,0.0,81.29,-25.16,-5.0
0.0,0.0,0.0,0.0,97.0,0.0,0.0,0.0,0.0,152.0,0.0,0.0,4.0,0.0,0.0,1.0,0.0,0.0,0.0,1.0,0.0,0.0,73.42,-6.67,-13.18
0.0,0.0,0.0,0.0,86.0,0.0,0.0,0.0,0.0,10.0,0.0,0.0,36.0,0.0,0.0,1.0,0.0,0.0,0.0,0.0,0.0,1.0,74.17,-7.54,-6.04
0.0,0.0,0.0,36.0,86.0,0.0,0.0,0.0,0.0,10.0,0.0,0.0,0.0,0.0,0.0,1.0,0.0,0.0,0.0,0.0,0.0,1.0,77.83,-23.91,-9.64
0.0,0.0,0.0,77.0,75.0,0.0,0.0,0.0,0.0,0.0,0.0,0.0,0.0,0.0,0.0,1.0,0.0,0.0,0.0,1.0,0.0,0.0,79.61,-22.05,-12.03
0.0,0.0,0.0,71.0,75.0,0.0,0.0,0.0,0.0,0.0,0.0,0.0,0.0,0.0,0.0,1.0,0.0,0.0,0.0,0.0,0.0,1.0,76.92,-26.57,-13.29
0.0,0.0,0.0,70.0,75.0,0.0,0.0,0.0,0.0,0.0,0.0,0.0,0.0,0.0,0.0,1.0,0.0,0.0,0.0,0.0,1.0,0.0,78.78,-24.03,-12.35
0.0,0.0,0.0,89.0,50.0,0.0,0.0,0.0,0.0,0.0,0.0,0.0,0.0,0.0,0.0,1.0,0.0,0.0,0.0,0.0,1.0,0.0,78.54,-21.95,-15.14
0.0,0.0,0.0,24.0,45.0,0.0,0.0,0.0,0.0,0.0,0.0,0.0,0.0,0.0,0.0,1.0,0.0,0.0,0.0,0.0,1.0,0.0,84.26,-20.12,-7.78
0.0,11.0,0.0,0.0,44.0,0.0,0.0,0.0,0.0,79.0,0.0,37.0,0.0,0.0,0.0,1.0,0.0,0.0,0.0,0.0,1.0,0.0,73.13,-1.46,-11.88
0.0,0.0,0.0,128.0,40.0,0.0,0.0,0.0,0.0,0.0,0.0,0.0,0.0,0.0,0.0,1.0,0.0,0.0,0.0,1.0,0.0,0.0,77.0999999999999,-20.89,-18.63
5.5,0.0,8.5,0.0,34.5,0.0,0.0,0.0,0.0,11.0,9.0,0.0,0.0,0.0,0.0,1.0,0.0,0.0,0.0,0.0,0.0,1.0,82.01,-11.79,-7.73
5.5,0.0,0.0,0.0,34.5,0.0,0.0,0.0,0.0,11.0,5.0,0.0,0.0,0.0,0.0,1.0,0.0,0.0,0.0,0.0,0.0,1.0,83.2099999999998,-11.33,-5.32
0.0,0.0,0.0,5.0,29.0,0.0,0.0,0.0,11.0,0.0,0.0,0.0,0.0,0.0,0.0,1.0,0.0,0.0,1.0,0.0,0.0,0.0,88.87,-12.91,-2.88
0.0,9.0,0.0,0.0,28.0,0.0,0.0,0.0,0.0,18.0,42.0,0.0,0.0,0.0,0.0,1.0,0.0,0.0,0.0,1.0,0.0,0.0,79.22,-3.21,-9.92
0.0,0.0,36.0,0.0,25.0,0.0,0.0,0.0,0.0,60.0,0.0,0.0,0.0,0.0,0.0,1.0,0.0,0.0,0.0,0.0,1.0,0.0,77.24,-7.74,-14.52
0.0,35.0,0.0,0.0,25.0,0.0,0.0,0.0,0.0,60.0,0.0,0.0,0.0,0.0,0.0,1.0,0.0,0.0,0.0,1.0,0.0,0.0,74.16,-2.22,-8.38
0.0,0.0,0.0,7.0,22.0,0.0,0.0,0.0,0.0,34.0,0.0,0.0,0.0,0.0,0.0,1.0,0.0,0.0,0.0,0.0,1.0,0.0,82.41,-6.56,-10.02
0.0,0.0,0.0,93.0,21.0,0.0,0.0,0.0,0.0,0.0,0.0,0.0,0.0,0.0,0.0,1.0,0.0,0.0,0.0,0.0,0.0,1.0,76.8,-21.76,-19.35
0.0,0.0,0.0,99.0,16.0,0.0,0.0,0.0,0.0,0.0,0.0,0.0,0.0,0.0,0.0,1.0,0.0,0.0,0.0,1.0,0.0,0.0,79.15,-18.64,-18.67
0.0,0.0,0.0,26.0,15.0,0.0,0.0,0.0,0.0,56.0,0.0,0.0,0.0,0.0,0.0,1.0,0.0,0.0,0.0,0.0,1.0,0.0,78.04,-6.34,-14.86
7.0,0.0,0.0,0.0,13.0,0.0,0.0,0.0,0.0,0.0,0.0,26.0,0.0,0.0,0.0,1.0,0.0,0.0,0.0,0.0,1.0,0.0,85.76,0.17,-5.29
0.0,0.0,0.0,0.0,6.0,0.0,0.0,0.0,46.0,0.0,0.0,49.0,0.0,0.0,0.0,1.0,0.0,0.0,0.0,1.0,0.0,0.0,83.79,9.859999999999992,-0.92
0.0,12.0,0.0,0.0,6.0,0.0,0.0,0.0,19.0,0.0,0.0,0.0,0.0,0.0,0.0,1.0,0.0,0.0,0.0,0.0,1.0,0.0,84.29,-1.89,-0.75
0.0,0.0,0.0,0.0,5.0,0.0,0.0,0.0,51.0,0.0,0.0,37.0,0.0,0.0,0.0,1.0,0.0,0.0,1.0,0.0,0.0,0.0,86.29,8.24,-0.36
0.0,0.0,0.0,7.0,5.0,0.0,0.0,0.0,0.0,13.0,10.0,0.0,0.0,0.0,0.0,1.0,0.0,0.0,0.0,0.0,1.0,0.0,85.74,-3.61,-9.93
0.0,11.0,0.0,0.0,5.0,0.0,0.0,0.0,15.0,0.0,0.0,0.0,0.0,0.0,0.0,1.0,0.0,0.0,0.0,0.0,1.0,0.0,84.56,-1.73,-1.29
0.0,7.0,0.0,0.0,4.0,0.0,0.0,0.0,11.0,4.0,0.0,0.0,0.0,0.0,0.0,1.0,0.0,0.0,1.0,0.0,0.0,0.0,88.3199999999997,-0.97,-2.05
0.0,28.0,0.0,0.0,3.0,0.0,0.0,0.0,0.0,0.0,0.0,0.0,0.0,2.0,0.0,1.0,0.0,0.0,0.0,0.0,1.0,0.0,79.8199999999997,-1.47,-3.15
27.0,0.0,0.0,0.0,3.0,0.0,0.0,0.0,0.0,0.0,0.0,0.0,0.0,2.0,0.0,1.0,0.0,0.0,0.0,1.0,0.0,0.0,88.04,-1.09,-1.21
0.0,0.0,0.0,169.0,3.0,0.0,0.0,0.0,0.0,0.0,46.0,0.0,0.0,0.0,0.0,1.0,0.0,0.0,1.0,0.0,0.0,0.0,75.26,-14.34,-25.23
0.0,9.0,0.0,0.0,3.0,0.0,0.0,0.0,0.0,0.0,17.0,0.0,0.0,0.0,0.0,1.0,0.0,0.0,0.0,1.0,0.0,0.0,85.5699999999997,-0.4,-5.04
0.0,0.0,0.0,19.0,3.0,0.0,0.0,0.0,0.0,10.0,0.0,0.0,0.0,0.0,0.0,1.0,0.0,0.0,0.0,1.0,0.0,0.0,86.68,-8.47,-10.17
0.0,28.0,0.0,0.0,3.0,0.0,0.0,0.0,4.0,0.0,0.0,0.0,0.0,0.0,0.0,1.0,0.0,0.0,0.0,1.0,0.0,0.0,80.4,-1.71,-3.36
0.0,3.0,0.0,0.0,2.0,0.0,0.0,0.0,0.0,0.0,0.0,0.0,2.0,0.0,0.0,1.0,0.0,0.0,0.0,0.0,0.0,1.0,88.92,-0.88,-0.63
0.0,0.0,0.0,10.0,2.0,0.0,0.0,0.0,0.0,0.0,0.0,0.0,0.0,0.0,0.0,1.0,0.0,0.0,0.0,0.0,1.0,0.0,90.2099999999998,-9.24,-6.73
0.0,0.0,0.0,0.0,0.0,0.0,0.0,0.0,44.0,0.0,0.0,0.0,16.0,3.0,0.0,1.0,0.0,0.0,0.0,0.0,1.0,0.0,85.04,12.95,3.37
0.0,8.0,0.0,22.0,0.0,0.0,0.0,0.0,0.0,0.0,0.0,0.0,96.0,0.0,0.0,1.0,0.0,0.0,0.0,1.0,0.0,0.0,73.88,6.85,-7.09
0.0,0.0,0.0,0.0,0.0,0.0,0.0,0.0,0.0,0.0,0.0,80.0,70.0,0.0,0.0,1.0,0.0,0.0,0.0,0.0,0.0,1.0,74.13,26.76,-0.71
0.0,0.0,0.0,0.0,0.0,0.0,0.0,0.0,0.0,4.0,0.0,50.0,62.0,0.0,0.0,1.0,0.0,0.0,0.0,0.0,0.0,1.0,75.51,23.95,-0.97
0.0,0.0,0.0,54.0,0.0,0.0,0.0,0.0,0.0,0.0,127.0,0.0,40.0,0.0,0.0,1.0,0.0,0.0,0.0,0.0,0.0,1.0,67.17,1.68,-19.42
0.0,5.0,0.0,0.0,0.0,0.0,0.0,0.0,19.0,0.0,0.0,0.0,35.0,0.0,0.0,1.0,0.0,0.0,0.0,1.0,0.0,0.0,82.27,10.29,-0.95
0.0,0.0,0.0,37.0,0.0,0.0,0.0,0.0,0.0,0.0,86.0,0.0,32.0,0.0,0.0,1.0,0.0,0.0,0.0,0.0,0.0,1.0,70.65,1.95,-16.83
0.0,0.0,0.0,0.0,0.0,0.0,0.0,0.0,110.0,0.0,0.0,0.0,28.0,0.0,0.0,1.0,0.0,0.0,0.0,0.0,1.0,0.0,81.87,17.42,5.8
0.0,8.0,0.0,0.0,0.0,0.0,0.0,0.0,0.0,0.0,140.0,0.0,16.0,0.0,0.0,1.0,0.0,0.0,0.0,1.0,0.0,0.0,76.03,7.39,-14.05
0.0,6.0,0.0,6.0,0.0,0.0,0.0,0.0,0.0,0.0,15.0,0.0,4.0,0.0,0.0,1.0,0.0,0.0,1.0,0.0,0.0,0.0,87.11,-0.82,-6.57
0.0,8.0,0.0,0.0,0.0,0.0,0.0,0.0,0.0,15.0,0.0,0.0,4.0,0.0,0.0,1.0,0.0,0.0,0.0,1.0,0.0,0.0,85.2,2.04,-4.47
3.0,0.0,0.0,0.0,0.0,0.0,0.0,0.0,66.0,0.0,0.0,0.0,4.0,0.0,0.0,1.0,0.0,0.0,1.0,0.0,0.0,0.0,88.95,8.05,5.05
0.0,0.0,0.0,0.0,0.0,0.0,0.0,0.0,0.0,0.0,60.0,195.0,0.0,0.0,0.0,1.0,0.0,0.0,0.0,0.0,1.0,0.0,74.18,20.92,-11.87
0.0,0.0,0.0,0.0,0.0,0.0,0.0,0.0,0.0,0.0,153.0,157.0,0.0,0.0,0.0,1.0,0.0,0.0,1.0,0.0,0.0,0.0,74.0699999999997,15.11,-16.35
3.5,0.0,0.0,0.0,0.0,0.0,0.0,0.0,180.0,0.0,0.0,113.0,0.0,0.0,0.0,1.0,0.0,0.0,0.0,1.0,0.0,0.0,79.0999999999999,20.73,4.9
0.0,7.0,0.0,0.0,0.0,0.0,0.0,0.0,0.0,32.0,0.0,105.0,0.0,0.0,0.0,1.0,0.0,0.0,0.0,1.0,0.0,0.0,77.59,14.05,-9.22
13.0,0.0,0.0,0.0,0.0,0.0,0.0,0.0,0.0,0.0,41.0,97.0,0.0,0.0,0.0,1.0,0.0,0.0,0.0,0.0,0.0,1.0,76.3,15.97,-10.88
4.0,0.0,0.0,0.0,0.0,0.0,0.0,0.0,2.0,0.0,0.0,80.0,0.0,0.0,0.0,1.0,0.0,0.0,0.0,1.0,0.0,0.0,84.17,16.01,-5.13
0.0,0.0,0.0,0.0,0.0,0.0,0.0,0.0,44.0,0.0,0.0,73.0,0.0,0.0,0.0,1.0,0.0,0.0,0.0,0.0,0.0,1.0,81.18,20.1,0.58
4.0,0.0,0.0,0.0,0.0,0.0,0.0,0.0,200.0,0.0,0.0,50.0,0.0,0.0,0.0,1.0,0.0,0.0,0.0,1.0,0.0,0.0,81.7,17.19,6.86
5.0,0.0,0.0,0.0,0.0,0.0,0.0,0.0,139.0,0.0,0.0,50.0,0.0,0.0,0.0,1.0,0.0,0.0,0.0,1.0,0.0,0.0,82.7099999999998,15.79,4.92
2.4,0.0,0.0,0.0,0.0,0.0,0.0,0.0,0.0,43.2,0.0,43.2,0.0,0.0,0.0,1.0,0.0,0.0,0.0,0.0,1.0,0.0,80.87,13.01,-9.44999999999999
0.0,0.0,0.0,0.0,0.0,0.0,0.0,0.0,0.0,0.0,24.0,42.0,0.0,0.0,0.0,1.0,0.0,0.0,0.0,0.0,1.0,0.0,83.89,11.82,-8.55
5.0,0.0,0.0,0.0,0.0,0.0,0.0,0.0,0.0,54.0,0.0,37.0,0.0,0.0,0.0,1.0,0.0,0.0,0.0,1.0,0.0,0.0,81.8499999999999,10.89,-9.4
0.0,0.0,0.0,0.0,0.0,0.0,0.0,0.0,236.0,0.0,0.0,36.0,0.0,0.0,0.0,1.0,0.0,0.0,1.0,0.0,0.0,0.0,83.28,18.08,8.8
0.0,0.0,0.0,0.0,0.0,0.0,0.0,0.0,236.0,0.0,0.0,36.0,0.0,0.0,0.0,1.0,0.0,0.0,0.0,1.0,0.0,0.0,81.8499999999999,18.45,10.01
4.0,0.0,0.0,0.0,0.0,0.0,0.0,0.0,0.0,0.0,137.0,33.0,0.0,0.0,0.0,1.0,0.0,0.0,0.0,0.0,0.0,1.0,73.86,11.82,-18.49
4.0,0.0,0.0,0.0,0.0,0.0,0.0,0.0,0.0,0.0,159.0,32.0,0.0,0.0,0.0,1.0,0.0,0.0,0.0,0.0,0.0,1.0,72.5999999999999,12.1,-19.78
0.0,7.0,0.0,0.0,0.0,0.0,0.0,0.0,0.0,105.0,0.0,32.0,0.0,0.0,0.0,1.0,0.0,0.0,0.0,1.0,0.0,0.0,76.14,10.09,-12.0
2.0,0.0,0.0,0.0,0.0,0.0,0.0,0.0,0.0,42.0,0.0,32.0,0.0,0.0,0.0,1.0,0.0,0.0,0.0,1.0,0.0,0.0,83.28,10.44,-8.65
0.0,0.0,0.0,0.0,0.0,0.0,0.0,0.0,0.0,0.0,165.0,28.0,0.0,0.0,0.0,1.0,0.0,0.0,0.0,0.0,0.0,1.0,72.92,12.18,-20.47
0.0,0.0,0.0,0.0,0.0,0.0,0.0,0.0,0.0,0.0,97.0,28.0,0.0,0.0,0.0,1.0,0.0,0.0,0.0,0.0,0.0,1.0,76.72,11.1,-16.64
0.0,0.0,0.0,0.0,0.0,0.0,0.0,0.0,0.0,0.0,176.0,18.0,0.0,0.0,0.0,1.0,0.0,0.0,0.0,0.0,0.0,1.0,73.8,11.27,-20.19
0.0,60.0,0.0,0.0,0.0,0.0,0.0,0.0,0.0,3.0,0.0,14.0,0.0,0.0,0.0,1.0,0.0,0.0,0.0,1.0,0.0,0.0,75.0699999999997,-0.28,-4.85
0.0,0.0,0.0,0.0,0.0,0.0,0.0,0.0,0.0,19.0,0.0,8.0,0.0,0.0,0.0,1.0,0.0,0.0,1.0,0.0,0.0,0.0,89.59,5.29,-5.98
0.0,0.0,0.0,88.0,0.0,0.0,0.0,0.0,0.0,0.0,167.0,0.0,0.0,0.0,0.0,1.0,0.0,0.0,0.0,1.0,0.0,0.0,71.76,-2.93,-26.02
6.5,0.0,0.0,0.0,0.0,0.0,0.0,0.0,0.0,0.0,150.0,0.0,0.0,0.0,0.0,1.0,0.0,0.0,0.0,0.0,0.0,1.0,74.27,9.18,-19.59
2.0,0.0,0.0,0.0,0.0,0.0,0.0,0.0,0.0,0.0,150.0,0.0,0.0,0.0,0.0,1.0,0.0,0.0,0.0,0.0,0.0,1.0,74.4599999999998,9.82,-20.88
0.0,0.0,0.0,48.0,0.0,0.0,0.0,0.0,0.0,0.0,98.0,0.0,0.0,0.0,0.0,1.0,0.0,0.0,0.0,1.0,0.0,0.0,76.92,-3.13,-21.58
0.0,0.0,0.0,20.0,0.0,0.0,0.0,0.0,0.0,0.0,44.0,0.0,0.0,0.0,0.0,1.0,0.0,0.0,0.0,1.0,0.0,0.0,82.94,-2.46,-15.6
0.0,3.0,0.0,93.0,0.0,0.0,0.0,0.0,0.0,0.0,42.0,0.0,0.0,0.0,0.0,1.0,0.0,0.0,0.0,0.0,0.0,1.0,73.09,-11.99,-23.08
0.0,0.0,0.0,20.0,0.0,0.0,0.0,0.0,0.0,0.0,42.0,0.0,0.0,0.0,0.0,1.0,0.0,0.0,0.0,0.0,1.0,0.0,82.9,-2.82,-15.98
0.0,0.0,0.0,159.0,0.0,0.0,0.0,0.0,0.0,0.0,39.0,0.0,0.0,0.0,0.0,1.0,0.0,0.0,0.0,1.0,0.0,0.0,74.09,-14.24,-25.59
0.0,0.0,0.0,159.0,0.0,0.0,0.0,0.0,0.0,0.0,39.0,0.0,0.0,0.0,0.0,1.0,0.0,0.0,1.0,0.0,0.0,0.0,77.2099999999998,-12.97,-23.1
0.0,0.0,0.0,57.0,0.0,0.0,0.0,0.0,0.0,0.0,33.0,0.0,0.0,0.0,0.0,1.0,0.0,0.0,0.0,0.0,0.0,1.0,77.69,-10.88,-21.34
5.0,0.0,0.0,13.0,0.0,0.0,0.0,0.0,0.0,0.0,25.0,0.0,0.0,0.0,0.0,1.0,0.0,0.0,1.0,0.0,0.0,0.0,87.29,-3.05,-10.75
15.0,0.0,0.0,78.0,0.0,0.0,0.0,0.0,0.0,0.0,24.5,0.0,0.0,0.0,0.0,1.0,0.0,0.0,0.0,0.0,0.0,1.0,75.42,-13.49,-20.88
0.0,0.0,0.0,9.0,0.0,0.0,0.0,0.0,0.0,5.0,18.0,0.0,0.0,0.0,0.0,1.0,0.0,0.0,0.0,0.0,1.0,0.0,85.73,-2.65,-11.52
4.0,0.0,0.0,0.0,0.0,0.0,0.0,0.0,0.0,0.0,14.0,0.0,0.0,0.0,0.0,1.0,0.0,0.0,0.0,0.0,1.0,0.0,90.14,1.99,-5.15
0.0,10.0,0.0,100.0,0.0,0.0,0.0,0.0,0.0,0.0,12.0,0.0,0.0,0.0,0.0,1.0,0.0,0.0,0.0,1.0,0.0,0.0,76.12,-13.72,-18.01
0.0,0.0,0.0,9.0,0.0,0.0,0.0,0.0,0.0,9.0,10.0,0.0,0.0,0.0,0.0,1.0,0.0,0.0,1.0,0.0,0.0,0.0,88.42,-3.03,-9.75
4.0,0.0,3.0,0.0,0.0,0.0,0.0,0.0,0.0,3.0,0.0,0.0,0.0,0.0,0.0,1.0,0.0,0.0,0.0,0.0,0.0,1.0,90.67,-2.92,-2.88
5.0,0.0,0.0,0.0,0.0,0.0,0.0,0.0,0.0,3.0,0.0,0.0,0.0,0.0,0.0,1.0,0.0,0.0,0.0,0.0,0.0,1.0,92.03,0.22,-0.46
11.0,0.0,0.0,0.0,0.0,0.0,0.0,0.0,12.0,0.0,0.0,0.0,0.0,0.0,0.0,1.0,0.0,0.0,0.0,0.0,1.0,0.0,90.88,1.39,1.56
